Workbook
Name APP: 'SW Sustain Tracking'!$E$90:$E$103
Name BIOS: 'SW Sustain Tracking'!$B$90:$B$103
Name Driver: 'SW Sustain Tracking'!$D$90:$D$103
Name FW: 'SW Sustain Tracking'!$F$90:$F$103
Name VBIOS: 'SW Sustain Tracking'!$C$90:$C$103

Sheet DDIS Dashboard
C1: DDIS Dashboard Data + 柱狀圖
C2: C38 SW Sustain Task Distributed By Customer&Series
C3: Customer | D3: Pass | E3: Fail | F3: Ongoing | G3: Pending | H3: Planning | I3: Total | J3: Pass ratio | K3: Pass ratio w/ 1cycle | L3: Pass ratio w/ regression
C4: C38 NB Gaming
C5: C38 NB Consumer
C6: C38 NB SMB
C7: C38 AIO Consumer
C8: C38 AIO SMB
C9: Total
C11: C38 SW Sustain Task Distributed By Customer and Month
C12: Month | D12: New Test | J12: Regression Test | P12: Total
D13: C38 NB Gaming | E13: C38 NB Consumer | F13: C38 NB SMB | G13: C38 AIO Consumer | H13: C38 AIO SMB | I13: Total | J13: C38 NB Gaming | K13: C38 NB Consumer | L13: C38 NB SMB | M13: C38 AIO Consumer | N13: C38 AIO SMB | O13: Total
C14: Jan
C15: Feb
C16: Mar
C17: Apr
C18: May
C19: Jun
C20: Jul
C21: Aug
C22: Sep
C23: Oct
C24: Nov
C25: Dec
... C28: C38 SW Sustain Task Distributed By Project
C29: C38 NB Project | D29: Pass | E29: Fail | F29: Ongoing | G29: Pending | H29: Planning | I29: Total | J29: Pass ratio | K29: Pass ratio w/ 1cycle | L29: Pass ratio w/ regression
C30: KLG11
C31: KLG10
C32: KLG20
C33: KLG23
C34: KLG13
C35: LLY10
C36: JLG52
C37: KLS71
C38: KLS5I
C39: KLS7I
C40: KLS72 KRK1
C41: ILG50/ILG52
... C53: Total
C54: C38 AIO Project | D54: Pass | E54: Fail | F54: Ongoing | G54: Pending | H54: Planning | I54: Total | J54: Pass ratio | K54: Pass ratio w/ 1cycle | L54: Pass ratio w/ regression
C55: LOC22
C56: LOC21
C57: LOC20
C58: KOC10
C59: JOC10
C60: LOA70
C61: LOC75
C62: KOA71
C63: LOY30
C64: LOY21
C65: LOC30
C66: Total
C68: C38 SW Sustain Task Distributed By Category
C69: C38 NB Category | D69: Pass | E69: Fail | F69: Ongoing | G69: Pending | H69: Planning | I69: Total | J69: Pass ratio | K69: Pass ratio w/ 1cycle | L69: Pass ratio w/ regression
C70: Wlan Driver
C71: BT Driver
C72: VGA Driver
C73: BIOS
C74: Dispatcher
C75: LA3
C76: Legion Space
C77: Legion Zone
C78: Audio Driver
C79: AI Now
C80: IST Driver
C81: VBIOS
... C85: Total
C86: C38 AIO Category | D86: Pass | E86: Fail | F86: Ongoing | G86: Pending | H86: Planning | I86: Total | J86: Pass ratio | K86: Pass ratio w/ 1cycle | L86: Pass ratio w/ regression
C87: {=_xlfn.UNIQUE(_xlfn._xlws.FILTER('SW Sustain Tracking'!AE:AE,'SW Sustain Tracking'!E:E="C38 AIO"))} -> #NAME?
C88: #NAME?
C89: #NAME?
C90: #NAME?
C91: #NAME?
C92: Total
C94: C38 SW Sustain Task Distributed By Project & Month
C95: Customer | D95: Project | F95: Jan | G95: Feb | H95: Mar | I95: Apr | J95: May | K95: Jun | L95: Jul | M95: Aug | N95: Sep | O95: Oct | P95: Nov | Q95: Dec | R95: By Project Total Qty
C96: C38 NB | D96: Total
D97: Gaming | E97: KLG11
D98: Gaming | E98: KLG10
D99: Gaming | E99: KLG20
D100: Gaming | E100: KLG23
D101: Gaming | E101: KLG13
D102: Gaming | E102: LLY10
D103: Gaming | E103: JLG52
D104: Consumer | E104: KLS71
D105: Consumer | E105: KLS5I
D106: Consumer | E106: KLS7I
D107: Consumer | E107: KLS72 KRK1
D108: Gaming | E108: ILG50/ILG52
... D119: Consumer | E119: HLS4I_ILS6I_ILS4H_ILS6H
C120: C38 AIO | D120: Total
D121: Consumer | E121: LOC22
D122: Consumer | E122: LOC21
D123: Consumer | E123: LOC20
D124: Consumer | E124: KOC10
D125: Consumer | E125: JOC10
D126: Consumer | E126: LOA70
D127: Consumer | E127: LOC75
D128: Consumer | E128: KOA71
D129: SMB | E129: LOY30
...

Sheet SW Sustain Tracking
B1: APDQA SW Sustaining Tracking Table-2026 | AB1: New Test | AT1: Regression1 Test | BK1: Regression2 Test | CB1: Regression3 Test
B2: 需編輯 | C2: 需編輯,下拉菜單選擇 | G2: 需編輯 | H2: 公式未匹配到值时需手动填写 | L2: 公式，無需編輯 | M2: 公式，無需編輯 | Q2: 需編輯 | R2: 下拉菜單選擇 | S2: 需編輯 | T2: 公式，無需編輯 | W2: 公式，無需編輯 | X2: 需編輯 | Y2: 公式，無需編輯 | Z2: 需編輯(優化後) | AA2: 公式，無需編輯 | AB2: 需編輯,下拉菜單選擇 | AF2: 需編輯 | AG2: 需編輯 | AH2: 需編輯 | AI2: 需編輯 | AJ2: 公式，無需編輯 | AK2: 需編輯 | AT2: 需編輯,下拉菜單選擇 | AX2: 需編輯 | AY2: 需編輯 | AZ2: 需編輯 | BA2: 需編輯 | BB2: 公式，無需編輯 | BC2: 需編輯 | BK2: 需編輯,下拉菜單選擇 | BO2: 需編輯 | BP2: 需編輯 | BQ2: 需編輯 | BR2: 需編輯 | BS2: 公式，無需編輯 | BT2: 需編輯 | CB2: 需編輯,下拉菜單選擇 | CF2: 需編輯 | CG2: 需編輯 | CH2: 需編輯 | CI2: 需編輯 | CJ2: 公式，無需編輯 | CK2: 需編輯
B3: Task No | C3: Year | D3: Month | E3: Customer | F3: Series | G3: Project Code | H3: Project Name | I3: MP Date | J3: EOP Or Not | K3: EOP Date | L3: EOS Date | M3: Project Status | N3: MP Year | O3: EOP Year | P3: EOS Year | Q3: Leverage Project | R3: Test Units status (New build/SIT units/SIT units rework/Others) | S3: Unit_Qty | T3: Total Test Resource | U3: Total Actual Workload(Hrs) | V3: Total Leverage Workload(Hrs) | W3: Final Test Status | X3: Task Closure Date | Y3: Task Leading Time (Days) | Z3: Total Planning Workload(Hrs) | AA3: Total waste time (Hrs) | AB3: Test Stage (New Test/Regression) | AC3: Test Status | AD3: Test Category | AE3: Category Info | AF3: Test Version | AG3: Test Condition (BIOS/Image/OS) | AH3: Driver cut in format | AI3: Issue Link | AJ3: Test Resource | AK3: Actual Workload(Hrs) | AL3: Leverage Workload(Hrs) | AM3: Test Team | AN3: Test_Owner | AO3: Test_Start | AP3: Test_End | AQ3: Working Day | AR3: Change list | AS3: Remark | AT3: Test Stage (New Test/Regression) | AU3: Test Status | AV3: Test Category | AW3: Category Info | AX3: Test Version | AY3: Test Condition (BIOS/Image/OS) | AZ3: Driver cut in format | BA3: Issue Link | BB3: Test Resource | BC3: Actual Workload(Hrs) | BD3: Leverage Workload(Hrs) | BE3: Test_Owner | BF3: Test_Start | BG3: Test_End | BH3: Working Day | BI3: Change list | BJ3: Remark | BK3: Test Stage (New Test/Regression) | BL3: Test Status | BM3: Test Category | BN3: Category Info | BO3: Test Version | BP3: Test Condition (BIOS/Image/OS) | BQ3: Driver cut in format | BR3: Issue Link | BS3: Test Resource | BT3: Actual Workload(Hrs) | BU3: Leverage Workload(Hrs) | BV3: Test_Owner | BW3: Test_Start | BX3: Test_End | BY3: Working Day | BZ3: Change list | CA3: Remark | CB3: Test Stage (New Test/Regression) | CC3: Test Status | CD3: Test Category | CE3: Category Info | CF3: Test Version | CG3: Test Condition (BIOS/Image/OS) | CH3: Driver cut in format | CI3: Issue Link | CJ3: Test Resource | CK3: Actual Workload(Hrs) | CL3: Leverage Workload(Hrs) | CM3: Test_Owner | CN3: Test_Start | CO3: Test_End | CP3: Working Day | CQ3: Change list | CR3: Remark
B4: Link | C4: Start Insert | M4: =IF(COUNT(I4,K4,L4)=0, "", IF(TODAY()<I4,"NPI",IF(TODAY()<K4,"MP",IF(TODAY()<L4,"EOP","EOS")))) | N4: =IF(M4="MP",(TODAY()-I4)/365,"NA") -> NA | O4: =IF(M4="EOP",(TODAY()-K4)/365,"NA") -> NA | P4: =IF(M4="EOS",(TODAY()-L4)/365,"NA") -> NA | T4: =AJ4+BB4+BS4+CJ4 -> 0 | U4: =AK4+BC4+BT4+CK4 -> 0 | V4: =AL4+BD4+BU4+CL4 -> 0 | W4: =IF(COUNTA(AC4,AU4,BL4,CC4)=0,"",IF(CC4<>"",CC4,IF(BL4<>"",BL4,IF(AU4<>"",AU4,AC4)))) | AA4: =IF(AK4+BC4+BT4+CK4-Z4>=0,AK4+BC4+BT4+CK4-Z4,0) -> 0 | AJ4: =IF(AK4=0,0,AK4/AQ4/7) -> 0 | BB4: =IF(BC4=0,0,BC4/BH4/7) -> 0 | BS4: =IF(BT4=0,0,BT4/BY4/7) -> 0 | CJ4: =IF(CK4=0,0,CK4/CP4/7) -> 0
B5: C38 AIO_202605_14 | C5: 2026 | D5: May | E5: C38 AIO | F5: Consumer | G5: LOC22 | H5: =IFERROR(VLOOKUP(G5,'C38 NB project list'!F:J,2,0),IFERROR(VLOOKUP(G5, 'C38 AIO project list'!E:I,2,0),"")) -> IdeaCentre AIO 24AKP10 | I5: =IFERROR(VLOOKUP(G5,'C38 NB project list'!F:J,4,0),IFERROR(VLOOKUP(G5, 'C38 AIO project list'!E:I,4,0),"")) -> 45835 | J5: =IF(K5<=TODAY(),"Y","N") -> N | K5: =IFERROR(VLOOKUP(G5,'C38 NB project list'!F:J,5,0),IFERROR(VLOOKUP(G5,'C38 AIO project list'!E:I,5,0),"")) -> 46660 | L5: =IF(ISNUMBER(K5),EDATE(K5,60),"") -> 48487 | M5: =IF(COUNT(I5,K5,L5)=0, "", IF(TODAY()<I5,"NPI",IF(TODAY()<K5,"MP",IF(TODAY()<L5,"EOP","EOS")))) -> MP | N5: =IF(M5="MP",(TODAY()-I5)/365,"NA") -> 0.9369863 | O5: =IF(M5="EOP",(TODAY()-K5)/365,"NA") -> NA | P5: =IF(M5="EOS",(TODAY()-L5)/365,"NA") -> NA | Q5: N | R5: SIT units | T5: =AJ5+BB5+BS5+CJ5 -> 0 | U5: =AK5+BC5+BT5+CK5 -> 0 | V5: =AL5+BD5+BU5+CL5 -> 0 | W5: =IF(COUNTA(AC5,AU5,BL5,CC5)=0,"",IF(CC5<>"",CC5,IF(BL5<>"",BL5,IF(AU5<>"",AU5,AC5)))) -> Planning | Y5: =IF(AND(X5<>"", AO5<>""),X5-AO5,0) -> 0 | AA5: =IF(AK5+BC5+BT5+CK5-Z5>=0,AK5+BC5+BT5+CK5-Z5,0) -> 0 | AB5: New Test | AC5: Planning | AD5: Driver | AE5: Camera Driver | AJ5: =IF(AK5=0,0,AK5/AQ5/7) -> 0 | AR5: INV introduce new DFC camera, driver has update
B6: C38 AIO_202605_13 | C6: 2026 | D6: May | E6: C38 AIO | F6: Consumer | G6: LOC21 | H6: =IFERROR(VLOOKUP(G6,'C38 NB project list'!F:J,2,0),IFERROR(VLOOKUP(G6, 'C38 AIO project list'!E:I,2,0),"")) -> IdeaCentre AIO 24AKP10 | I6: =IFERROR(VLOOKUP(G6,'C38 NB project list'!F:J,4,0),IFERROR(VLOOKUP(G6, 'C38 AIO project list'!E:I,4,0),"")) -> 45791 | J6: =IF(K6<=TODAY(),"Y","N") -> N | K6: =IFERROR(VLOOKUP(G6,'C38 NB project list'!F:J,5,0),IFERROR(VLOOKUP(G6,'C38 AIO project list'!E:I,5,0),"")) -> 46660 | L6: =IF(ISNUMBER(K6),EDATE(K6,60),"") -> 48487 | M6: =IF(COUNT(I6,K6,L6)=0, "", IF(TODAY()<I6,"NPI",IF(TODAY()<K6,"MP",IF(TODAY()<L6,"EOP","EOS")))) -> MP | N6: =IF(M6="MP",(TODAY()-I6)/365,"NA") -> 1.0575342 | O6: =IF(M6="EOP",(TODAY()-K6)/365,"NA") -> NA | P6: =IF(M6="EOS",(TODAY()-L6)/365,"NA") -> NA | Q6: N | R6: SIT units | T6: =AJ6+BB6+BS6+CJ6 -> 0 | U6: =AK6+BC6+BT6+CK6 -> 0 | V6: =AL6+BD6+BU6+CL6 -> 0 | W6: =IF(COUNTA(AC6,AU6,BL6,CC6)=0,"",IF(CC6<>"",CC6,IF(BL6<>"",BL6,IF(AU6<>"",AU6,AC6)))) -> Planning | Y6: =IF(AND(X6<>"", AO6<>""),X6-AO6,0) -> 0 | AA6: =IF(AK6+BC6+BT6+CK6-Z6>=0,AK6+BC6+BT6+CK6-Z6,0) -> 0 | AB6: New Test | AC6: Planning | AD6: Driver | AE6: Camera Driver | AJ6: =IF(AK6=0,0,AK6/AQ6/7) -> 0 | AR6: INV introduce new DFC camera, driver has update | BB6: =IF(BC6=0,0,BC6/BH6/7) -> 0
B7: C38 AIO_202605_12 | C7: 2026 | D7: May | E7: C38 AIO | F7: Consumer | G7: LOC20 | H7: =IFERROR(VLOOKUP(G7,'C38 NB project list'!F:J,2,0),IFERROR(VLOOKUP(G7, 'C38 AIO project list'!E:I,2,0),"")) -> IdeaCentre AIO 24AKP10 | I7: =IFERROR(VLOOKUP(G7,'C38 NB project list'!F:J,4,0),IFERROR(VLOOKUP(G7, 'C38 AIO project list'!E:I,4,0),"")) -> 45835 | J7: =IF(K7<=TODAY(),"Y","N") -> N | K7: =IFERROR(VLOOKUP(G7,'C38 NB project list'!F:J,5,0),IFERROR(VLOOKUP(G7,'C38 AIO project list'!E:I,5,0),"")) -> 46660 | L7: =IF(ISNUMBER(K7),EDATE(K7,60),"") -> 48487 | M7: =IF(COUNT(I7,K7,L7)=0, "", IF(TODAY()<I7,"NPI",IF(TODAY()<K7,"MP",IF(TODAY()<L7,"EOP","EOS")))) -> MP | N7: =IF(M7="MP",(TODAY()-I7)/365,"NA") -> 0.9369863 | O7: =IF(M7="EOP",(TODAY()-K7)/365,"NA") -> NA | P7: =IF(M7="EOS",(TODAY()-L7)/365,"NA") -> NA | Q7: N | R7: SIT units | T7: =AJ7+BB7+BS7+CJ7 -> 0 | U7: =AK7+BC7+BT7+CK7 -> 0 | V7: =AL7+BD7+BU7+CL7 -> 0 | W7: =IF(COUNTA(AC7,AU7,BL7,CC7)=0,"",IF(CC7<>"",CC7,IF(BL7<>"",BL7,IF(AU7<>"",AU7,AC7)))) -> Planning | Y7: =IF(AND(X7<>"", AO7<>""),X7-AO7,0) -> 0 | AA7: =IF(AK7+BC7+BT7+CK7-Z7>=0,AK7+BC7+BT7+CK7-Z7,0) -> 0 | AB7: New Test | AC7: Planning | AD7: Driver | AE7: Camera Driver | AJ7: =IF(AK7=0,0,AK7/AQ7/7) -> 0 | AR7: INV introduce new DFC camera, driver has update | BB7: =IF(BC7=0,0,BC7/BH7/7) -> 0
B8: C38 AIO_202605_11 | C8: 2026 | D8: May | E8: C38 AIO | F8: Consumer | G8: KOC10 | H8: =IFERROR(VLOOKUP(G8,'C38 NB project list'!F:J,2,0),IFERROR(VLOOKUP(G8, 'C38 AIO project list'!E:I,2,0),"")) -> IdeaCentre AIO 24IRH9 | I8: =IFERROR(VLOOKUP(G8,'C38 NB project list'!F:J,4,0),IFERROR(VLOOKUP(G8, 'C38 AIO project list'!E:I,4,0),"")) -> 45677 | J8: =IF(K8<=TODAY(),"Y","N") -> N | K8: =IFERROR(VLOOKUP(G8,'C38 NB project list'!F:J,5,0),IFERROR(VLOOKUP(G8,'C38 AIO project list'!E:I,5,0),"")) -> 46477 | L8: =IF(ISNUMBER(K8),EDATE(K8,60),"") -> 48304 | M8: =IF(COUNT(I8,K8,L8)=0, "", IF(TODAY()<I8,"NPI",IF(TODAY()<K8,"MP",IF(TODAY()<L8,"EOP","EOS")))) -> MP | N8: =IF(M8="MP",(TODAY()-I8)/365,"NA") -> 1.369863 | O8: =IF(M8="EOP",(TODAY()-K8)/365,"NA") -> NA | P8: =IF(M8="EOS",(TODAY()-L8)/365,"NA") -> NA | Q8: N | R8: SIT units | T8: =AJ8+BB8+BS8+CJ8 -> 0 | U8: =AK8+BC8+BT8+CK8 -> 0 | V8: =AL8+BD8+BU8+CL8 -> 0 | W8: =IF(COUNTA(AC8,AU8,BL8,CC8)=0,"",IF(CC8<>"",CC8,IF(BL8<>"",BL8,IF(AU8<>"",AU8,AC8)))) -> Planning | Y8: =IF(AND(X8<>"", AO8<>""),X8-AO8,0) -> 0 | AA8: =IF(AK8+BC8+BT8+CK8-Z8>=0,AK8+BC8+BT8+CK8-Z8,0) -> 0 | AB8: New Test | AC8: Planning | AD8: Driver | AE8: Camera Driver | AJ8: =IF(AK8=0,0,AK8/AQ8/7) -> 0 | AR8: INV introduce new DFC camera, driver has update | BB8: =IF(BC8=0,0,BC8/BH8/7) -> 0
B9: C38 AIO_202605_10 | C9: 2026 | D9: May | E9: C38 AIO | F9: Consumer | G9: JOC10 | H9: =IFERROR(VLOOKUP(G9,'C38 NB project list'!F:J,2,0),IFERROR(VLOOKUP(G9, 'C38 AIO project list'!E:I,2,0),"")) -> IdeaCentre AIO 24IRH9 | I9: =IFERROR(VLOOKUP(G9,'C38 NB project list'!F:J,4,0),IFERROR(VLOOKUP(G9, 'C38 AIO project list'!E:I,4,0),"")) -> 45303 | J9: =IF(K9<=TODAY(),"Y","N") -> N | K9: =IFERROR(VLOOKUP(G9,'C38 NB project list'!F:J,5,0),IFERROR(VLOOKUP(G9,'C38 AIO project list'!E:I,5,0),"")) -> 46477 | L9: =IF(ISNUMBER(K9),EDATE(K9,60),"") -> 48304 | M9: =IF(COUNT(I9,K9,L9)=0, "", IF(TODAY()<I9,"NPI",IF(TODAY()<K9,"MP",IF(TODAY()<L9,"EOP","EOS")))) -> MP | N9: =IF(M9="MP",(TODAY()-I9)/365,"NA") -> 2.3945205 | O9: =IF(M9="EOP",(TODAY()-K9)/365,"NA") -> NA | P9: =IF(M9="EOS",(TODAY()-L9)/365,"NA") -> NA | Q9: N | R9: SIT units | T9: =AJ9+BB9+BS9+CJ9 -> 0 | U9: =AK9+BC9+BT9+CK9 -> 0 | V9: =AL9+BD9+BU9+CL9 -> 0 | W9: =IF(COUNTA(AC9,AU9,BL9,CC9)=0,"",IF(CC9<>"",CC9,IF(BL9<>"",BL9,IF(AU9<>"",AU9,AC9)))) -> Planning | Y9: =IF(AND(X9<>"", AO9<>""),X9-AO9,0) -> 0 | AA9: =IF(AK9+BC9+BT9+CK9-Z9>=0,AK9+BC9+BT9+CK9-Z9,0) -> 0 | AB9: New Test | AC9: Planning | AD9: Driver | AE9: Camera Driver | AJ9: =IF(AK9=0,0,AK9/AQ9/7) -> 0 | AR9: INV introduce new DFC camera, driver has update | BB9: =IF(BC9=0,0,BC9/BH9/7) -> 0
B10: C38 AIO_202605_09 | C10: 2026 | D10: May | E10: C38 AIO | F10: Consumer | G10: KOC10 | H10: =IFERROR(VLOOKUP(G10,'C38 NB project list'!F:J,2,0),IFERROR(VLOOKUP(G10, 'C38 AIO project list'!E:I,2,0),"")) -> IdeaCentre AIO 24IRH9 | I10: =IFERROR(VLOOKUP(G10,'C38 NB project list'!F:J,4,0),IFERROR(VLOOKUP(G10, 'C38 AIO project list'!E:I,4,0),"")) -> 45677 | J10: =IF(K10<=TODAY(),"Y","N") -> N | K10: =IFERROR(VLOOKUP(G10,'C38 NB project list'!F:J,5,0),IFERROR(VLOOKUP(G10,'C38 AIO project list'!E:I,5,0),"")) -> 46477 | L10: =IF(ISNUMBER(K10),EDATE(K10,60),"") -> 48304 | M10: =IF(COUNT(I10,K10,L10)=0, "", IF(TODAY()<I10,"NPI",IF(TODAY()<K10,"MP",IF(TODAY()<L10,"EOP","EOS")))) -> MP | N10: =IF(M10="MP",(TODAY()-I10)/365,"NA") -> 1.369863 | O10: =IF(M10="EOP",(TODAY()-K10)/365,"NA") -> NA | P10: =IF(M10="EOS",(TODAY()-L10)/365,"NA") -> NA | Q10: N | R10: SIT units | S10: 8 | T10: =AJ10+BB10+BS10+CJ10 -> 2.2142857 | U10: =AK10+BC10+BT10+CK10 -> 62 | V10: =AL10+BD10+BU10+CL10 -> 0 | W10: =IF(COUNTA(AC10,AU10,BL10,CC10)=0,"",IF(CC10<>"",CC10,IF(BL10<>"",BL10,IF(AU10<>"",AU10,AC10)))) -> Pass | Y10: =IF(AND(X10<>"", AO10<>""),X10-AO10,0) -> 0 | Z10: 62 | AA10: =IF(AK10+BC10+BT10+CK10-Z10>=0,AK10+BC10+BT10+CK10-Z10,0) -> 0 | AB10: New Test | AC10: Pass | AD10: BIOS | AE10: BIOS | AF10: O6QKT10A | AG10: OS: 25H2 26200.7171 Driver: v1.0 | AH10: Image build | AJ10: =IF(AK10=0,0,AK10/AQ10/7) -> 2.2142857 | AK10: 62 | AL10: 0 | AM10: Sustain | AN10: Iris_Zhou/Mint_Song/Erin_Pan | AO10: 46150 | AP10: 46155 | AQ10: 4 | AR10: Urgent Release，Update BIOS（disable SAGV) to fix Micron RAM can't boot to OS issue | BB10: =IF(BC10=0,0,BC10/BH10/7) -> 0
B11: C38 AIO_202605_08 | C11: 2026 | D11: May | E11: C38 AIO | F11: Consumer | G11: JOC10 | H11: =IFERROR(VLOOKUP(G11,'C38 NB project list'!F:J,2,0),IFERROR(VLOOKUP(G11, 'C38 AIO project list'!E:I,2,0),"")) -> IdeaCentre AIO 24IRH9 | I11: =IFERROR(VLOOKUP(G11,'C38 NB project list'!F:J,4,0),IFERROR(VLOOKUP(G11, 'C38 AIO project list'!E:I,4,0),"")) -> 45303 | J11: =IF(K11<=TODAY(),"Y","N") -> N | K11: =IFERROR(VLOOKUP(G11,'C38 NB project list'!F:J,5,0),IFERROR(VLOOKUP(G11,'C38 AIO project list'!E:I,5,0),"")) -> 46477 | L11: =IF(ISNUMBER(K11),EDATE(K11,60),"") -> 48304 | M11: =IF(COUNT(I11,K11,L11)=0, "", IF(TODAY()<I11,"NPI",IF(TODAY()<K11,"MP",IF(TODAY()<L11,"EOP","EOS")))) -> MP | N11: =IF(M11="MP",(TODAY()-I11)/365,"NA") -> 2.3945205 | O11: =IF(M11="EOP",(TODAY()-K11)/365,"NA") -> NA | P11: =IF(M11="EOS",(TODAY()-L11)/365,"NA") -> NA | Q11: N | R11: SIT units | S11: 13 | T11: =AJ11+BB11+BS11+CJ11 -> 2.25 | U11: =AK11+BC11+BT11+CK11 -> 63 | V11: =AL11+BD11+BU11+CL11 -> 0 | W11: =IF(COUNTA(AC11,AU11,BL11,CC11)=0,"",IF(CC11<>"",CC11,IF(BL11<>"",BL11,IF(AU11<>"",AU11,AC11)))) -> Fail | Y11: =IF(AND(X11<>"", AO11<>""),X11-AO11,0) -> 0 | Z11: 62 | AA11: =IF(AK11+BC11+BT11+CK11-Z11>=0,AK11+BC11+BT11+CK11-Z11,0) -> 1 | AB11: New Test | AC11: Fail | AD11: BIOS | AE11: BIOS | AF11: O6AKT27A | AG11: OS: 25H2 26200.7171 Driver: v1.0 | AH11: Image build | AJ11: =IF(AK11=0,0,AK11/AQ11/7) -> 2.25 | AK11: 63 | AL11: 0 | AM11: Sustain | AN11: Sustain team:Iris_Zhou/Lulu_Chen/Lom_Ge | AO11: 46150 | AP11: 46155 | AQ11: 4 | AR11: Urgent Release，Update BIOS（disable SAGV) to fix Micron RAM can't boot to OS issue | BB11: =IF(BC11=0,0,BC11/BH11/7) -> 0
B12: C38 AIO_202605_07 | C12: 2026 | D12: May | E12: C38 AIO | F12: Consumer | G12: KOC10 | H12: =IFERROR(VLOOKUP(G12,'C38 NB project list'!F:J,2,0),IFERROR(VLOOKUP(G12, 'C38 AIO project list'!E:I,2,0),"")) -> IdeaCentre AIO 24IRH9 | I12: =IFERROR(VLOOKUP(G12,'C38 NB project list'!F:J,4,0),IFERROR(VLOOKUP(G12, 'C38 AIO project list'!E:I,4,0),"")) -> 45677 | J12: =IF(K12<=TODAY(),"Y","N") -> N | K12: =IFERROR(VLOOKUP(G12,'C38 NB project list'!F:J,5,0),IFERROR(VLOOKUP(G12,'C38 AIO project list'!E:I,5,0),"")) -> 46477 | L12: =IF(ISNUMBER(K12),EDATE(K12,60),"") -> 48304 | M12: =IF(COUNT(I12,K12,L12)=0, "", IF(TODAY()<I12,"NPI",IF(TODAY()<K12,"MP",IF(TODAY()<L12,"EOP","EOS")))) -> MP | N12: =IF(M12="MP",(TODAY()-I12)/365,"NA") -> 1.369863 | O12: =IF(M12="EOP",(TODAY()-K12)/365,"NA") -> NA | P12: =IF(M12="EOS",(TODAY()-L12)/365,"NA") -> NA | Q12: N | R12: SIT units | S12: 9 | T12: =AJ12+BB12+BS12+CJ12 -> 1.2653061 | U12: =AK12+BC12+BT12+CK12 -> 62 | V12: =AL12+BD12+BU12+CL12 -> 0 | W12: =IF(COUNTA(AC12,AU12,BL12,CC12)=0,"",IF(CC12<>"",CC12,IF(BL12<>"",BL12,IF(AU12<>"",AU12,AC12)))) -> Pass | Y12: =IF(AND(X12<>"", AO12<>""),X12-AO12,0) -> 0 | Z12: 62 | AA12: =IF(AK12+BC12+BT12+CK12-Z12>=0,AK12+BC12+BT12+CK12-Z12,0) -> 0 | AB12: New Test | AC12: Pass | AD12: BIOS | AE12: BIOS | AF12: O6QKT11A | AG12: OS: 25H2 26200.7171 Driver: v1.0 | AH12: Image build | AJ12: =IF(AK12=0,0,AK12/AQ12/7) -> 1.2653061 | AK12: 62 | AL12: 0 | AM12: Sustain | AN12: Sustain team:Iris_Zhou/Oliver_Li | AO12: 46160 | AQ12: 7 | AR12: BIOS Security update | BB12: =IF(BC12=0,0,BC12/BH12/7) -> 0
B13: C38 AIO_202605_06 | C13: 2026 | D13: May | E13: C38 AIO | F13: Consumer | G13: JOC10 | H13: =IFERROR(VLOOKUP(G13,'C38 NB project list'!F:J,2,0),IFERROR(VLOOKUP(G13, 'C38 AIO project list'!E:I,2,0),"")) -> IdeaCentre AIO 24IRH9 | I13: =IFERROR(VLOOKUP(G13,'C38 NB project list'!F:J,4,0),IFERROR(VLOOKUP(G13, 'C38 AIO project list'!E:I,4,0),"")) -> 45303 | J13: =IF(K13<=TODAY(),"Y","N") -> N | K13: =IFERROR(VLOOKUP(G13,'C38 NB project list'!F:J,5,0),IFERROR(VLOOKUP(G13,'C38 AIO project list'!E:I,5,0),"")) -> 46477 | L13: =IF(ISNUMBER(K13),EDATE(K13,60),"") -> 48304 | M13: =IF(COUNT(I13,K13,L13)=0, "", IF(TODAY()<I13,"NPI",IF(TODAY()<K13,"MP",IF(TODAY()<L13,"EOP","EOS")))) -> MP | N13: =IF(M13="MP",(TODAY()-I13)/365,"NA") -> 2.3945205 | O13: =IF(M13="EOP",(TODAY()-K13)/365,"NA") -> NA | P13: =IF(M13="EOS",(TODAY()-L13)/365,"NA") -> NA | Q13: N | R13: SIT units | S13: 9 | T13: =AJ13+BB13+BS13+CJ13 -> 1.2857143 | U13: =AK13+BC13+BT13+CK13 -> 63 | V13: =AL13+BD13+BU13+CL13 -> 0 | W13: =IF(COUNTA(AC13,AU13,BL13,CC13)=0,"",IF(CC13<>"",CC13,IF(BL13<>"",BL13,IF(AU13<>"",AU13,AC13)))) -> Fail | Y13: =IF(AND(X13<>"", AO13<>""),X13-AO13,0) -> 0 | Z13: 62 | AA13: =IF(AK13+BC13+BT13+CK13-Z13>=0,AK13+BC13+BT13+CK13-Z13,0) -> 1 | AB13: New Test | AC13: Fail | AD13: BIOS | AE13: BIOS | AF13: O6AKT28A | AG13: OS: 25H2 26200.7171 Driver: v1.0 | AH13: Image build | AJ13: =IF(AK13=0,0,AK13/AQ13/7) -> 1.2857143 | AK13: 63 | AL13: 0 | AM13: Sustain | AN13: Sustain team:Iris_Zhou/Lulu_Chen | AO13: 46160 | AQ13: 7 | AR13: BIOS Security update | BB13: =IF(BC13=0,0,BC13/BH13/7) -> 0
B14: C38 AIO_202605_05 | C14: 2026 | D14: May | E14: C38 AIO | F14: Consumer | G14: LOA70 | H14: =IFERROR(VLOOKUP(G14,'C38 NB project list'!F:J,2,0),IFERROR(VLOOKUP(G14, 'C38 AIO project list'!E:I,2,0),"")) -> Yoga AIO 27IPH11 | I14: =IFERROR(VLOOKUP(G14,'C38 NB project list'!F:J,4,0),IFERROR(VLOOKUP(G14, 'C38 AIO project list'!E:I,4,0),"")) -> 46051 | J14: =IF(K14<=TODAY(),"Y","N") -> N | K14: =IFERROR(VLOOKUP(G14,'C38 NB project list'!F:J,5,0),IFERROR(VLOOKUP(G14,'C38 AIO project list'!E:I,5,0),"")) -> 46417 | L14: =IF(ISNUMBER(K14),EDATE(K14,60),"") -> 48243 | M14: =IF(COUNT(I14,K14,L14)=0, "", IF(TODAY()<I14,"NPI",IF(TODAY()<K14,"MP",IF(TODAY()<L14,"EOP","EOS")))) -> MP | N14: =IF(M14="MP",(TODAY()-I14)/365,"NA") -> 0.34520548 | O14: =IF(M14="EOP",(TODAY()-K14)/365,"NA") -> NA | P14: =IF(M14="EOS",(TODAY()-L14)/365,"NA") -> NA | Q14: N | R14: SIT units | S14: 7 | T14: =AJ14+BB14+BS14+CJ14 -> 1.2085714 | U14: =AK14+BC14+BT14+CK14 -> 84.6 | V14: =AL14+BD14+BU14+CL14 -> 0 | W14: =IF(COUNTA(AC14,AU14,BL14,CC14)=0,"",IF(CC14<>"",CC14,IF(BL14<>"",BL14,IF(AU14<>"",AU14,AC14)))) -> Testing | Y14: =IF(AND(X14<>"", AO14<>""),X14-AO14,0) -> 0 | Z14: 81.6 | AA14: =IF(AK14+BC14+BT14+CK14-Z14>=0,AK14+BC14+BT14+CK14-Z14,0) -> 3 | AB14: New Test | AC14: Testing | AD14: BIOS | AE14: BIOS | AF14: O6VKT1EA | AH14: Image build | AJ14: =IF(AK14=0,0,AK14/AQ14/7) -> 1.2085714 | AK14: 84.6 | AL14: 0 | AM14: Sustain | AN14: Sustain team:Iris_Zhou/Gloria_Gu | AO14: 46161 | AQ14: 10 | AR14: BIOS Security update+ MCU update | BB14: =IF(BC14=0,0,BC14/BH14/7) -> 0
B15: C38 AIO_202605_04 | C15: 2026 | D15: May | E15: C38 AIO | F15: Consumer | G15: LOC75 | H15: =IFERROR(VLOOKUP(G15,'C38 NB project list'!F:J,2,0),IFERROR(VLOOKUP(G15, 'C38 AIO project list'!E:I,2,0),"")) -> IdeaCentre AIO 27IPH11 | I15: =IFERROR(VLOOKUP(G15,'C38 NB project list'!F:J,4,0),IFERROR(VLOOKUP(G15, 'C38 AIO project list'!E:I,4,0),"")) -> 46051 | J15: =IF(K15<=TODAY(),"Y","N") -> N | K15: =IFERROR(VLOOKUP(G15,'C38 NB project list'!F:J,5,0),IFERROR(VLOOKUP(G15,'C38 AIO project list'!E:I,5,0),"")) -> 46417 | L15: =IF(ISNUMBER(K15),EDATE(K15,60),"") -> 48243 | M15: =IF(COUNT(I15,K15,L15)=0, "", IF(TODAY()<I15,"NPI",IF(TODAY()<K15,"MP",IF(TODAY()<L15,"EOP","EOS")))) -> MP | N15: =IF(M15="MP",(TODAY()-I15)/365,"NA") -> 0.34520548 | O15: =IF(M15="EOP",(TODAY()-K15)/365,"NA") -> NA | P15: =IF(M15="EOS",(TODAY()-L15)/365,"NA") -> NA | Q15: N | R15: SIT units | S15: 6 | T15: =AJ15+BB15+BS15+CJ15 -> 1.1942857 | U15: =AK15+BC15+BT15+CK15 -> 83.6 | V15: =AL15+BD15+BU15+CL15 -> 0 | W15: =IF(COUNTA(AC15,AU15,BL15,CC15)=0,"",IF(CC15<>"",CC15,IF(BL15<>"",BL15,IF(AU15<>"",AU15,AC15)))) -> Testing | Y15: =IF(AND(X15<>"", AO15<>""),X15-AO15,0) -> 0 | Z15: 81.6 | AA15: =IF(AK15+BC15+BT15+CK15-Z15>=0,AK15+BC15+BT15+CK15-Z15,0) -> 2 | AB15: New Test | AC15: Testing | AD15: BIOS | AE15: BIOS | AF15: O6WKT1DA | AH15: Image build | AJ15: =IF(AK15=0,0,AK15/AQ15/7) -> 1.1942857 | AK15: 83.6 | AL15: 0 | AM15: Sustain | AN15: Sustain team:Iris_Zhou/Mint_Song | AO15: 46161 | AQ15: 10 | AR15: BIOS Security update+ MCU update | BB15: =IF(BC15=0,0,BC15/BH15/7) -> 0
B16: C38 AIO_202605_03 | C16: 2026 | D16: May | E16: C38 AIO | F16: Consumer | G16: LOA70 | H16: =IFERROR(VLOOKUP(G16,'C38 NB project list'!F:J,2,0),IFERROR(VLOOKUP(G16, 'C38 AIO project list'!E:I,2,0),"")) -> Yoga AIO 27IPH11 | I16: =IFERROR(VLOOKUP(G16,'C38 NB project list'!F:J,4,0),IFERROR(VLOOKUP(G16, 'C38 AIO project list'!E:I,4,0),"")) -> 46051 | J16: =IF(K16<=TODAY(),"Y","N") -> N | K16: =IFERROR(VLOOKUP(G16,'C38 NB project list'!F:J,5,0),IFERROR(VLOOKUP(G16,'C38 AIO project list'!E:I,5,0),"")) -> 46417 | L16: =IF(ISNUMBER(K16),EDATE(K16,60),"") -> 48243 | M16: =IF(COUNT(I16,K16,L16)=0, "", IF(TODAY()<I16,"NPI",IF(TODAY()<K16,"MP",IF(TODAY()<L16,"EOP","EOS")))) -> MP | N16: =IF(M16="MP",(TODAY()-I16)/365,"NA") -> 0.34520548 | O16: =IF(M16="EOP",(TODAY()-K16)/365,"NA") -> NA | P16: =IF(M16="EOS",(TODAY()-L16)/365,"NA") -> NA | Q16: N | R16: SIT units | S16: 2 | T16: =AJ16+BB16+BS16+CJ16 -> 0.86428571 | U16: =AK16+BC16+BT16+CK16 -> 24.2 | V16: =AL16+BD16+BU16+CL16 -> 0 | W16: =IF(COUNTA(AC16,AU16,BL16,CC16)=0,"",IF(CC16<>"",CC16,IF(BL16<>"",BL16,IF(AU16<>"",AU16,AC16)))) -> Pass | Y16: =IF(AND(X16<>"", AO16<>""),X16-AO16,0) -> 0 | Z16: 24.2 | AA16: =IF(AK16+BC16+BT16+CK16-Z16>=0,AK16+BC16+BT16+CK16-Z16,0) -> 0 | AB16: New Test | AC16: Pass | AD16: Driver | AE16: KB Driver | AF16: 3.0.0.1 | AG16: BIOS:O6VKT1DA Driver:V0.24 OS: 26200.7462 | AH16: Image build | AJ16: =IF(AK16=0,0,AK16/AQ16/7) -> 0.86428571 | AK16: 24.2 | AL16: 0 | AM16: NPI | AN16: NPI team:Mary_Zhong | AO16: 46154 | AP16: 46157 | AQ16: 4 | AR16: KB driver update for Qira app | BB16: =IF(BC16=0,0,BC16/BH16/7) -> 0
B17: C38 AIO_202605_02 | C17: 2026 | D17: May | E17: C38 AIO | F17: Consumer | G17: LOC75 | H17: =IFERROR(VLOOKUP(G17,'C38 NB project list'!F:J,2,0),IFERROR(VLOOKUP(G17, 'C38 AIO project list'!E:I,2,0),"")) -> IdeaCentre AIO 27IPH11 | I17: =IFERROR(VLOOKUP(G17,'C38 NB project list'!F:J,4,0),IFERROR(VLOOKUP(G17, 'C38 AIO project list'!E:I,4,0),"")) -> 46051 | J17: =IF(K17<=TODAY(),"Y","N") -> N | K17: =IFERROR(VLOOKUP(G17,'C38 NB project list'!F:J,5,0),IFERROR(VLOOKUP(G17,'C38 AIO project list'!E:I,5,0),"")) -> 46417 | L17: =IF(ISNUMBER(K17),EDATE(K17,60),"") -> 48243 | M17: =IF(COUNT(I17,K17,L17)=0, "", IF(TODAY()<I17,"NPI",IF(TODAY()<K17,"MP",IF(TODAY()<L17,"EOP","EOS")))) -> MP | N17: =IF(M17="MP",(TODAY()-I17)/365,"NA") -> 0.34520548 | O17: =IF(M17="EOP",(TODAY()-K17)/365,"NA") -> NA | P17: =IF(M17="EOS",(TODAY()-L17)/365,"NA") -> NA | Q17: N | R17: SIT units | S17: 2 | T17: =AJ17+BB17+BS17+CJ17 -> 1.7285714 | U17: =AK17+BC17+BT17+CK17 -> 48.4 | V17: =AL17+BD17+BU17+CL17 -> 0 | W17: =IF(COUNTA(AC17,AU17,BL17,CC17)=0,"",IF(CC17<>"",CC17,IF(BL17<>"",BL17,IF(AU17<>"",AU17,AC17)))) -> Pass | Y17: =IF(AND(X17<>"", AO17<>""),X17-AO17,0) -> 0 | Z17: 24.2 | AA17: =IF(AK17+BC17+BT17+CK17-Z17>=0,AK17+BC17+BT17+CK17-Z17,0) -> 24.2 | AB17: New Test | AC17: Fail | AD17: Driver | AE17: KB Driver | AF17: 2.0.2.02241 | AG17: BIOS:O6WKT1CA Driver:V0.22 OS: 26200.7462 | AH17: Image build | AJ17: =IF(AK17=0,0,AK17/AQ17/7) -> 0.86428571 | AK17: 24.2 | AL17: 0 | AM17: Sustain | AN17: Sustain team:Iris_Zhou/Helen_Meng/Wendy_Qiu | AO17: 46154 | AP17: 46157 | AQ17: 4 | AR17: KB driver update for Qira app | AT17: Regression1 | AU17: Pass | AV17: Driver | AW17: KB Driver | AX17: 2.0.3.03311 | AY17: BIOS:O6WKT1CA Driver:V0.23 OS: 26200.7462 | AZ17: Image build | BB17: =IF(BC17=0,0,BC17/BH17/7) -> 0.86428571 | BC17: 24.2 | BD17: 0 | BE17: Sustain team:Iris_Zhou | BF17: 46160 | BH17: 4 | BI17: Fn+ESC key cannot switch issue for Qira preload test
B18: C38 AIO_202605_01 | C18: 2026 | D18: May | E18: C38 AIO | F18: Consumer | G18: LOC75 | H18: =IFERROR(VLOOKUP(G18,'C38 NB project list'!F:J,2,0),IFERROR(VLOOKUP(G18, 'C38 AIO project list'!E:I,2,0),"")) -> IdeaCentre AIO 27IPH11 | I18: =IFERROR(VLOOKUP(G18,'C38 NB project list'!F:J,4,0),IFERROR(VLOOKUP(G18, 'C38 AIO project list'!E:I,4,0),"")) -> 46051 | J18: =IF(K18<=TODAY(),"Y","N") -> N | K18: =IFERROR(VLOOKUP(G18,'C38 NB project list'!F:J,5,0),IFERROR(VLOOKUP(G18,'C38 AIO project list'!E:I,5,0),"")) -> 46417 | L18: =IF(ISNUMBER(K18),EDATE(K18,60),"") -> 48243 | M18: =IF(COUNT(I18,K18,L18)=0, "", IF(TODAY()<I18,"NPI",IF(TODAY()<K18,"MP",IF(TODAY()<L18,"EOP","EOS")))) -> MP | N18: =IF(M18="MP",(TODAY()-I18)/365,"NA") -> 0.34520548 | O18: =IF(M18="EOP",(TODAY()-K18)/365,"NA") -> NA | P18: =IF(M18="EOS",(TODAY()-L18)/365,"NA") -> NA | Q18: N | R18: SIT units | S18: 2 | T18: =AJ18+BB18+BS18+CJ18 -> 0.86428571 | U18: =AK18+BC18+BT18+CK18 -> 24.2 | V18: =AL18+BD18+BU18+CL18 -> 0 | W18: =IF(COUNTA(AC18,AU18,BL18,CC18)=0,"",IF(CC18<>"",CC18,IF(BL18<>"",BL18,IF(AU18<>"",AU18,AC18)))) -> Pass | Y18: =IF(AND(X18<>"", AO18<>""),X18-AO18,0) -> 0 | Z18: 24.2 | AA18: =IF(AK18+BC18+BT18+CK18-Z18>=0,AK18+BC18+BT18+CK18-Z18,0) -> 0 | AB18: New Test | AC18: Pass | AD18: Driver | AE18: KB Driver | AF18: 1.0.0.11 | AG18: BIOS:O6WKT1CA Driver:V0.22 OS: 26200.7462 | AH18: Image build | AJ18: =IF(AK18=0,0,AK18/AQ18/7) -> 0.86428571 | AK18: 24.2 | AL18: 0 | AM18: Sustain | AN18: Sustain team:Iris_Zhou/Helen_Meng/Wendy_Qiu | AO18: 46154 | AP18: 46157 | AQ18: 4 | AR18: KB driver update for Qira app | BB18: =IF(BC18=0,0,BC18/BH18/7) -> 0
B19: C38 AIO_202604_06 | C19: 2026 | D19: Apr | E19: C38 AIO | F19: Consumer | G19: KOA71 | H19: =IFERROR(VLOOKUP(G19,'C38 NB project list'!F:J,2,0),IFERROR(VLOOKUP(G19, 'C38 AIO project list'!E:I,2,0),"")) -> Yoga AIO 27IAH10 | I19: =IFERROR(VLOOKUP(G19,'C38 NB project list'!F:J,4,0),IFERROR(VLOOKUP(G19, 'C38 AIO project list'!E:I,4,0),"")) -> 45733 | J19: =IF(K19<=TODAY(),"Y","N") -> N | K19: =IFERROR(VLOOKUP(G19,'C38 NB project list'!F:J,5,0),IFERROR(VLOOKUP(G19,'C38 AIO project list'!E:I,5,0),"")) -> 46387 | L19: =IF(ISNUMBER(K19),EDATE(K19,60),"") -> 48213 | M19: =IF(COUNT(I19,K19,L19)=0, "", IF(TODAY()<I19,"NPI",IF(TODAY()<K19,"MP",IF(TODAY()<L19,"EOP","EOS")))) -> MP | N19: =IF(M19="MP",(TODAY()-I19)/365,"NA") -> 1.2164384 | O19: =IF(M19="EOP",(TODAY()-K19)/365,"NA") -> NA | P19: =IF(M19="EOS",(TODAY()-L19)/365,"NA") -> NA | Q19: N | R19: SIT units | S19: 5 | T19: =AJ19+BB19+BS19+CJ19 -> 1.2442857 | U19: =AK19+BC19+BT19+CK19 -> 87.1 | V19: =AL19+BD19+BU19+CL19 -> 0 | W19: =IF(COUNTA(AC19,AU19,BL19,CC19)=0,"",IF(CC19<>"",CC19,IF(BL19<>"",BL19,IF(AU19<>"",AU19,AC19)))) -> Conditional Pass | Y19: =IF(AND(X19<>"", AO19<>""),X19-AO19,0) -> 0 | Z19: 85.1 | AA19: =IF(AK19+BC19+BT19+CK19-Z19>=0,AK19+BC19+BT19+CK19-Z19,0) -> 2 | AB19: New Test | AC19: Conditional Pass | AD19: BIOS | AE19: BIOS | AF19: O6PKT1EA | AG19: OS: 25H2 26200.7171 Driver: v1.0 | AH19: Image build | AJ19: =IF(AK19=0,0,AK19/AQ19/7) -> 1.2442857 | AK19: 87.1 | AL19: 0 | AM19: Sustain | AN19: Sustain team:Iris_Zhou/Gloria_Gu | AO19: 46136 | AP19: 46153 | AQ19: 10 | AR19: MCU update 0x11F | BB19: =IF(BC19=0,0,BC19/BH19/7) -> 0
B20: C38 AIO_202604_05 | C20: 2026 | D20: Apr | E20: C38 AIO | F20: SMB | G20: LOY30 | H20: =IFERROR(VLOOKUP(G20,'C38 NB project list'!F:J,2,0),IFERROR(VLOOKUP(G20, 'C38 AIO project list'!E:I,2,0),"")) -> ThinkCentre neo 50a 24 Gen 6 LNL | I20: =IFERROR(VLOOKUP(G20,'C38 NB project list'!F:J,4,0),IFERROR(VLOOKUP(G20, 'C38 AIO project list'!E:I,4,0),"")) -> 46052 | J20: =IF(K20<=TODAY(),"Y","N") -> N | K20: =IFERROR(VLOOKUP(G20,'C38 NB project list'!F:J,5,0),IFERROR(VLOOKUP(G20,'C38 AIO project list'!E:I,5,0),"")) -> 46420 | L20: =IF(ISNUMBER(K20),EDATE(K20,60),"") -> 48246 | M20: =IF(COUNT(I20,K20,L20)=0, "", IF(TODAY()<I20,"NPI",IF(TODAY()<K20,"MP",IF(TODAY()<L20,"EOP","EOS")))) -> MP | N20: =IF(M20="MP",(TODAY()-I20)/365,"NA") -> 0.34246575 | O20: =IF(M20="EOP",(TODAY()-K20)/365,"NA") -> NA | P20: =IF(M20="EOS",(TODAY()-L20)/365,"NA") -> NA | Q20: N | R20: SIT units | S20: 2 | T20: =AJ20+BB20+BS20+CJ20 -> 1.125 | U20: =AK20+BC20+BT20+CK20 -> 31.5 | V20: =AL20+BD20+BU20+CL20 -> 14.6 | W20: =IF(COUNTA(AC20,AU20,BL20,CC20)=0,"",IF(CC20<>"",CC20,IF(BL20<>"",BL20,IF(AU20<>"",AU20,AC20)))) -> Conditional Pass | Y20: =IF(AND(X20<>"", AO20<>""),X20-AO20,0) -> 0 | Z20: 30 | AA20: =IF(AK20+BC20+BT20+CK20-Z20>=0,AK20+BC20+BT20+CK20-Z20,0) -> 1.5 | AB20: New Test | AC20: Conditional Pass | AD20: APP | AE20: Tianxi | AF20: 3.5.3.2131d | AG20: BIOS: O75KT06A OS: 26200.7462 Driver: v1.0 | AH20: Image build | AJ20: =IF(AK20=0,0,AK20/AQ20/7) -> 1.125 | AK20: 31.5 | AL20: 14.6 | AM20: NPI | AN20: NPI Team: Bella_Guo | AO20: 46122 | AP20: 46127 | AQ20: 4 | AR20: New introduce Tianxi APP | BB20: =IF(BC20=0,0,BC20/BH20/7) -> 0 | CJ20: =IF(CK20=0,0,CK20/CP20/7) -> 0
B21: C38 AIO_202604_04 | C21: 2026 | D21: Apr | E21: C38 AIO | F21: SMB | G21: LOY21 | H21: =IFERROR(VLOOKUP(G21,'C38 NB project list'!F:J,2,0),IFERROR(VLOOKUP(G21, 'C38 AIO project list'!E:I,2,0),"")) -> ThinkCentre neo 55a 24 Gen 6 | I21: =IFERROR(VLOOKUP(G21,'C38 NB project list'!F:J,4,0),IFERROR(VLOOKUP(G21, 'C38 AIO project list'!E:I,4,0),"")) -> 45807 | J21: =IF(K21<=TODAY(),"Y","N") -> N | K21: =IFERROR(VLOOKUP(G21,'C38 NB project list'!F:J,5,0),IFERROR(VLOOKUP(G21,'C38 AIO project list'!E:I,5,0),"")) -> 46660 | L21: =IF(ISNUMBER(K21),EDATE(K21,60),"") -> 48487 | M21: =IF(COUNT(I21,K21,L21)=0, "", IF(TODAY()<I21,"NPI",IF(TODAY()<K21,"MP",IF(TODAY()<L21,"EOP","EOS")))) -> MP | N21: =IF(M21="MP",(TODAY()-I21)/365,"NA") -> 1.0136986 | O21: =IF(M21="EOP",(TODAY()-K21)/365,"NA") -> NA | P21: =IF(M21="EOS",(TODAY()-L21)/365,"NA") -> NA | Q21: N | R21: SIT units | S21: 2 | T21: =AJ21+BB21+BS21+CJ21 -> 1.125 | U21: =AK21+BC21+BT21+CK21 -> 31.5 | V21: =AL21+BD21+BU21+CL21 -> 14.6 | W21: =IF(COUNTA(AC21,AU21,BL21,CC21)=0,"",IF(CC21<>"",CC21,IF(BL21<>"",BL21,IF(AU21<>"",AU21,AC21)))) -> Conditional Pass | Y21: =IF(AND(X21<>"", AO21<>""),X21-AO21,0) -> 0 | Z21: 30 | AA21: =IF(AK21+BC21+BT21+CK21-Z21>=0,AK21+BC21+BT21+CK21-Z21,0) -> 1.5 | AB21: New Test | AC21: Conditional Pass | AD21: APP | AE21: Tianxi | AF21: 3.5.3.2131d | AG21: BIOS: O6TKT0EA OS: 26200.8037 Driver: v1.0 | AH21: Image build | AJ21: =IF(AK21=0,0,AK21/AQ21/7) -> 1.125 | AK21: 31.5 | AL21: 14.6 | AM21: NPI | AN21: NPI Team: Bella_Guo | AO21: 46128 | AP21: 46133 | AQ21: 4 | AR21: New introduce Tianxi APP | BB21: =IF(BC21=0,0,BC21/BH21/7) -> 0
B22: C38 AIO_202604_03 | C22: 2026 | D22: Apr | E22: C38 AIO | F22: Consumer | G22: LOA70 | H22: =IFERROR(VLOOKUP(G22,'C38 NB project list'!F:J,2,0),IFERROR(VLOOKUP(G22, 'C38 AIO project list'!E:I,2,0),"")) -> Yoga AIO 27IPH11 | I22: =IFERROR(VLOOKUP(G22,'C38 NB project list'!F:J,4,0),IFERROR(VLOOKUP(G22, 'C38 AIO project list'!E:I,4,0),"")) -> 46051 | J22: =IF(K22<=TODAY(),"Y","N") -> N | K22: =IFERROR(VLOOKUP(G22,'C38 NB project list'!F:J,5,0),IFERROR(VLOOKUP(G22,'C38 AIO project list'!E:I,5,0),"")) -> 46417 | L22: =IF(ISNUMBER(K22),EDATE(K22,60),"") -> 48243 | M22: =IF(COUNT(I22,K22,L22)=0, "", IF(TODAY()<I22,"NPI",IF(TODAY()<K22,"MP",IF(TODAY()<L22,"EOP","EOS")))) -> MP | N22: =IF(M22="MP",(TODAY()-I22)/365,"NA") -> 0.34520548 | O22: =IF(M22="EOP",(TODAY()-K22)/365,"NA") -> NA | P22: =IF(M22="EOS",(TODAY()-L22)/365,"NA") -> NA | Q22: N | R22: SIT units | S22: 2 | T22: =AJ22+BB22+BS22+CJ22 -> 2.1142857 | U22: =AK22+BC22+BT22+CK22 -> 64 | V22: =AL22+BD22+BU22+CL22 -> 0 | W22: =IF(COUNTA(AC22,AU22,BL22,CC22)=0,"",IF(CC22<>"",CC22,IF(BL22<>"",BL22,IF(AU22<>"",AU22,AC22)))) -> Testing | Y22: =IF(AND(X22<>"", AO22<>""),X22-AO22,0) -> 0 | Z22: 40 | AA22: =IF(AK22+BC22+BT22+CK22-Z22>=0,AK22+BC22+BT22+CK22-Z22,0) -> 24 | AB22: New Test | AC22: Fail | AD22: APP | AE22: Qira | AF22: 1.0.0.0306 | AG22: BIOS: O6VKT1DA OS: 26200.7462 Driver: v1.0 | AH22: Image build | AJ22: =IF(AK22=0,0,AK22/AQ22/7) -> 1.4285714 | AK22: 40 | AL22: 0 | AM22: NPI | AN22: NPI Team: Bella_Guo&Dinna_li | AO22: 46129 | AP22: 46136 | AQ22: 4 | AR22: New introduce Qira APP | AT22: Regression1 | AU22: Testing | AV22: APP | AW22: Qira | AX22: V1.1.0.0509 | AY22: BIOS: O6VKT1DA OS: 26200.7462 Driver: v0.24 | AZ22: Image build | BB22: =IF(BC22=0,0,BC22/BH22/7) -> 0.68571429 | BC22: 24 | BD22: 0 | BE22: NPI Team: Bella_Guo | BF22: 46154 | BH22: 5 | BI22: 1.Update Qira test version to V1.1.0.0509 2. Update KB driver to support Qira
B23: C38 AIO_202604_02 | C23: 2026 | D23: Apr | E23: C38 AIO | F23: Consumer | G23: LOC75 | H23: =IFERROR(VLOOKUP(G23,'C38 NB project list'!F:J,2,0),IFERROR(VLOOKUP(G23, 'C38 AIO project list'!E:I,2,0),"")) -> IdeaCentre AIO 27IPH11 | I23: =IFERROR(VLOOKUP(G23,'C38 NB project list'!F:J,4,0),IFERROR(VLOOKUP(G23, 'C38 AIO project list'!E:I,4,0),"")) -> 46051 | J23: =IF(K23<=TODAY(),"Y","N") -> N | K23: =IFERROR(VLOOKUP(G23,'C38 NB project list'!F:J,5,0),IFERROR(VLOOKUP(G23,'C38 AIO project list'!E:I,5,0),"")) -> 46417 | L23: =IF(ISNUMBER(K23),EDATE(K23,60),"") -> 48243 | M23: =IF(COUNT(I23,K23,L23)=0, "", IF(TODAY()<I23,"NPI",IF(TODAY()<K23,"MP",IF(TODAY()<L23,"EOP","EOS")))) -> MP | N23: =IF(M23="MP",(TODAY()-I23)/365,"NA") -> 0.34520548 | O23: =IF(M23="EOP",(TODAY()-K23)/365,"NA") -> NA | P23: =IF(M23="EOS",(TODAY()-L23)/365,"NA") -> NA | Q23: N | R23: SIT units | S23: 3 | T23: =AJ23+BB23+BS23+CJ23 -> 1.8166667 | U23: =AK23+BC23+BT23+CK23 -> 119 | V23: =AL23+BD23+BU23+CL23 -> 0 | W23: =IF(COUNTA(AC23,AU23,BL23,CC23)=0,"",IF(CC23<>"",CC23,IF(BL23<>"",BL23,IF(AU23<>"",AU23,AC23)))) -> Testing | Y23: =IF(AND(X23<>"", AO23<>""),X23-AO23,0) -> 0 | Z23: 95 | AA23: =IF(AK23+BC23+BT23+CK23-Z23>=0,AK23+BC23+BT23+CK23-Z23,0) -> 24 | AB23: New Test | AC23: Fail | AD23: APP | AE23: Qira | AF23: 1.0.0.0306 | AG23: BIOS: O6WKT1CA OS: 25H2 26200.7462 Driver: v1.0 | AH23: Image build | AJ23: =IF(AK23=0,0,AK23/AQ23/7) -> 1.1309524 | AK23: 95 | AL23: 0 | AM23: NPI | AN23: NPI Team: Bella_Guo&Dinna_li | AO23: 46113 | AP23: 46129 | AQ23: 12 | AR23: New introduce Qira APP | AT23: Regression1 | AU23: Testing | AV23: APP | AW23: Qira | AX23: V1.1.0.0509 | AY23: BIOS: O6WKT1CA OS: 25H2 26200.7462 Driver: v0.22 | AZ23: Image build | BB23: =IF(BC23=0,0,BC23/BH23/7) -> 0.68571429 | BC23: 24 | BD23: 0 | BE23: NPI Team: Bella_Guo | BF23: 46154 | BH23: 5 | BI23: 1.Update Qira test version to V1.1.0.0509 2. Update KB driver to support Qira
B24: C38 AIO_202604_01 | C24: 2026 | D24: Apr | E24: C38 AIO | F24: Consumer | G24: LOC22 | H24: =IFERROR(VLOOKUP(G24,'C38 NB project list'!F:J,2,0),IFERROR(VLOOKUP(G24, 'C38 AIO project list'!E:I,2,0),"")) -> IdeaCentre AIO 24AKP10 | I24: =IFERROR(VLOOKUP(G24,'C38 NB project list'!F:J,4,0),IFERROR(VLOOKUP(G24, 'C38 AIO project list'!E:I,4,0),"")) -> 45835 | J24: =IF(K24<=TODAY(),"Y","N") -> N | K24: =IFERROR(VLOOKUP(G24,'C38 NB project list'!F:J,5,0),IFERROR(VLOOKUP(G24,'C38 AIO project list'!E:I,5,0),"")) -> 46660 | L24: =IF(ISNUMBER(K24),EDATE(K24,60),"") -> 48487 | M24: =IF(COUNT(I24,K24,L24)=0, "", IF(TODAY()<I24,"NPI",IF(TODAY()<K24,"MP",IF(TODAY()<L24,"EOP","EOS")))) -> MP | N24: =IF(M24="MP",(TODAY()-I24)/365,"NA") -> 0.9369863 | O24: =IF(M24="EOP",(TODAY()-K24)/365,"NA") -> NA | P24: =IF(M24="EOS",(TODAY()-L24)/365,"NA") -> NA | Q24: N | R24: SIT units | S24: 6 | T24: =AJ24+BB24+BS24+CJ24 -> 2.4464286 | U24: =AK24+BC24+BT24+CK24 -> 68.5 | V24: =AL24+BD24+BU24+CL24 -> 0 | W24: =IF(COUNTA(AC24,AU24,BL24,CC24)=0,"",IF(CC24<>"",CC24,IF(BL24<>"",BL24,IF(AU24<>"",AU24,AC24)))) -> Conditional Pass | Y24: =IF(AND(X24<>"", AO24<>""),X24-AO24,0) -> 0 | Z24: 65.5 | AA24: =IF(AK24+BC24+BT24+CK24-Z24>=0,AK24+BC24+BT24+CK24-Z24,0) -> 3 | AB24: New Test | AC24: Conditional Pass | AD24: BIOS | AE24: BIOS | AF24: O6XKT16A | AG24: OS: 25H2 26200.6901 Driver: v1.1 | AH24: Image build | AI24: Click link | AJ24: =IF(AK24=0,0,AK24/AQ24/7) -> 2.4464286 | AK24: 68.5 | AL24: 0 | AM24: Sustain | AN24: Sustain team: Gloria_Gu/Vivill_Zou | AO24: 46115 | AP24: 46121 | AQ24: 4 | AR24: 1.Y25Q2 LEN-199280 INSYDE-SA-2025005 Arbitrary Code Execution Vulnerabilities 2.Y25Q3 LEN-198949 EDKII SMM IDT privilege escalation vulnerability(AMD only） 3.Y25Q4 LEN-208121 INSYDE-SA-2025010 Buffer Overflow in H2OFFT Tool (H2O-0922-2501) 4.Update UEFIDaig to 04.43.00 | AS24: Introduce this BIOS to fix LOC22 MFG SSD lost issue | BB24: =IF(BC24=0,0,BC24/BH24/7) -> 0
B25: C38 AIO_202603_01 | C25: 2026 | D25: Apr | E25: C38 AIO | F25: Consumer | G25: LOC21 | H25: =IFERROR(VLOOKUP(G25,'C38 NB project list'!F:J,2,0),IFERROR(VLOOKUP(G25, 'C38 AIO project list'!E:I,2,0),"")) -> IdeaCentre AIO 24AKP10 | I25: =IFERROR(VLOOKUP(G25,'C38 NB project list'!F:J,4,0),IFERROR(VLOOKUP(G25, 'C38 AIO project list'!E:I,4,0),"")) -> 45791 | J25: =IF(K25<=TODAY(),"Y","N") -> N | K25: =IFERROR(VLOOKUP(G25,'C38 NB project list'!F:J,5,0),IFERROR(VLOOKUP(G25,'C38 AIO project list'!E:I,5,0),"")) -> 46660 | L25: =IF(ISNUMBER(K25),EDATE(K25,60),"") -> 48487 | M25: =IF(COUNT(I25,K25,L25)=0, "", IF(TODAY()<I25,"NPI",IF(TODAY()<K25,"MP",IF(TODAY()<L25,"EOP","EOS")))) -> MP | N25: =IF(M25="MP",(TODAY()-I25)/365,"NA") -> 1.0575342 | O25: =IF(M25="EOP",(TODAY()-K25)/365,"NA") -> NA | P25: =IF(M25="EOS",(TODAY()-L25)/365,"NA") -> NA | Q25: N | R25: SIT units | S25: 3 | T25: =AJ25+BB25+BS25+CJ25 -> 1.4171429 | U25: =AK25+BC25+BT25+CK25 -> 49.6 | V25: =AL25+BD25+BU25+CL25 -> 0 | W25: =IF(COUNTA(AC25,AU25,BL25,CC25)=0,"",IF(CC25<>"",CC25,IF(BL25<>"",BL25,IF(AU25<>"",AU25,AC25)))) -> Conditional Pass | Y25: =IF(AND(X25<>"", AO25<>""),X25-AO25,0) -> 0 | Z25: 44.6 | AA25: =IF(AK25+BC25+BT25+CK25-Z25>=0,AK25+BC25+BT25+CK25-Z25,0) -> 5 | AB25: New Test | AC25: Conditional Pass | AD25: APP | AE25: Tianxi | AF25: 3.5.3.2131c 3.5.3.2131d | AG25: BIOS: O6TKT0EA OS: 26200.8037 Driver: v1.0 | AH25: Image build | AJ25: =IF(AK25=0,0,AK25/AQ25/7) -> 1.4171429 | AK25: 49.6 | AL25: 0 | AM25: NPI | AN25: NPI Team: Bella_Guo Sustain team: Iris_zhou/Lulu_Chen | AO25: 46111 | AP25: 46126 | AQ25: 5 | AR25: New introduce Tianxi APP | BB25: =IF(BC25=0,0,BC25/BH25/7) -> 0 | BS25: =IF(BT25=0,0,BT25/BY25/7) -> 0
B26: C38 AIO_202603_02 | C26: 2026 | D26: Apr | E26: C38 AIO | F26: Consumer | G26: LOC20 | H26: =IFERROR(VLOOKUP(G26,'C38 NB project list'!F:J,2,0),IFERROR(VLOOKUP(G26, 'C38 AIO project list'!E:I,2,0),"")) -> IdeaCentre AIO 24AKP10 | I26: =IFERROR(VLOOKUP(G26,'C38 NB project list'!F:J,4,0),IFERROR(VLOOKUP(G26, 'C38 AIO project list'!E:I,4,0),"")) -> 45835 | J26: =IF(K26<=TODAY(),"Y","N") -> N | K26: =IFERROR(VLOOKUP(G26,'C38 NB project list'!F:J,5,0),IFERROR(VLOOKUP(G26,'C38 AIO project list'!E:I,5,0),"")) -> 46660 | L26: =IF(ISNUMBER(K26),EDATE(K26,60),"") -> 48487 | M26: =IF(COUNT(I26,K26,L26)=0, "", IF(TODAY()<I26,"NPI",IF(TODAY()<K26,"MP",IF(TODAY()<L26,"EOP","EOS")))) -> MP | N26: =IF(M26="MP",(TODAY()-I26)/365,"NA") -> 0.9369863 | O26: =IF(M26="EOP",(TODAY()-K26)/365,"NA") -> NA | P26: =IF(M26="EOS",(TODAY()-L26)/365,"NA") -> NA | Q26: N | R26: SIT units | S26: 2 | T26: =AJ26+BB26+BS26+CJ26 -> 1.4314286 | U26: =AK26+BC26+BT26+CK26 -> 50.1 | V26: =AL26+BD26+BU26+CL26 -> 0 | W26: =IF(COUNTA(AC26,AU26,BL26,CC26)=0,"",IF(CC26<>"",CC26,IF(BL26<>"",BL26,IF(AU26<>"",AU26,AC26)))) -> Conditional Pass | Y26: =IF(AND(X26<>"", AO26<>""),X26-AO26,0) -> 0 | Z26: 44.6 | AA26: =IF(AK26+BC26+BT26+CK26-Z26>=0,AK26+BC26+BT26+CK26-Z26,0) -> 5.5 | AB26: New Test | AC26: Conditional Pass | AD26: APP | AE26: Tianxi | AF26: 3.5.3.2131c 3.5.3.2131d | AG26: BIOS: O6SKT13A OS: 26200.6901 Driver: v1.0 | AH26: Image build | AJ26: =IF(AK26=0,0,AK26/AQ26/7) -> 1.4314286 | AK26: 50.1 | AL26: 0 | AM26: NPI | AN26: NPI Team: Bella_Guo Sustain team:Iris_zhou/ Molly_Yuan | AO26: 46111 | AP26: 46126 | AQ26: 5 | AR26: New introduce Tianxi APP | BB26: =IF(BC26=0,0,BC26/BH26/7) -> 0 | BS26: =IF(BT26=0,0,BT26/BY26/7) -> 0
B27: C38 AIO_202603_03 | C27: 2026 | D27: Apr | E27: C38 AIO | F27: Consumer | G27: LOC30 | H27: =IFERROR(VLOOKUP(G27,'C38 NB project list'!F:J,2,0),IFERROR(VLOOKUP(G27, 'C38 AIO project list'!E:I,2,0),"")) -> IdeaCentre AIO 24ILL11 | I27: =IFERROR(VLOOKUP(G27,'C38 NB project list'!F:J,4,0),IFERROR(VLOOKUP(G27, 'C38 AIO project list'!E:I,4,0),"")) -> 46052 | J27: =IF(K27<=TODAY(),"Y","N") -> N | K27: =IFERROR(VLOOKUP(G27,'C38 NB project list'!F:J,5,0),IFERROR(VLOOKUP(G27,'C38 AIO project list'!E:I,5,0),"")) -> 46420 | L27: =IF(ISNUMBER(K27),EDATE(K27,60),"") -> 48246 | M27: =IF(COUNT(I27,K27,L27)=0, "", IF(TODAY()<I27,"NPI",IF(TODAY()<K27,"MP",IF(TODAY()<L27,"EOP","EOS")))) -> MP | N27: =IF(M27="MP",(TODAY()-I27)/365,"NA") -> 0.34246575 | O27: =IF(M27="EOP",(TODAY()-K27)/365,"NA") -> NA | P27: =IF(M27="EOS",(TODAY()-L27)/365,"NA") -> NA | Q27: N | R27: SIT units | S27: 3 | T27: =AJ27+BB27+BS27+CJ27 -> 2.5457143 | U27: =AK27+BC27+BT27+CK27 -> 81.6 | V27: =AL27+BD27+BU27+CL27 -> 0 | W27: =IF(COUNTA(AC27,AU27,BL27,CC27)=0,"",IF(CC27<>"",CC27,IF(BL27<>"",BL27,IF(AU27<>"",AU27,AC27)))) -> Pass | Y27: =IF(AND(X27<>"", AO27<>""),X27-AO27,0) -> 0 | Z27: 44.6 | AA27: =IF(AK27+BC27+BT27+CK27-Z27>=0,AK27+BC27+BT27+CK27-Z27,0) -> 37 | AB27: New Test | AC27: Fail | AD27: APP | AE27: Tianxi | AF27: 3.5.3.2131b | AG27: BIOS: O75KT06A OS: 26200.7462 Driver: v1.0 | AH27: Image build | AJ27: =IF(AK27=0,0,AK27/AQ27/7) -> 1.4742857 | AK27: 51.6 | AL27: 0 | AM27: NPI | AN27: NPI Team: Bella_Guo Sustain team: Iris_zhou/Molly_Yuan | AO27: 46098 | AP27: 46120 | AQ27: 5 | AR27: New introduce Tianxi APP | AT27: Regression1 | AU27: Pass | AV27: APP | AW27: 天禧 | AX27: 3.5.3.2131c | AZ27: Image build | BB27: =IF(BC27=0,0,BC27/BH27/7) -> 1.0714286 | BC27: 30 | BD27: 0 | BE27: NPI team: Bella_Guo | BF27: 46105 | BG27: 46108 | BH27: 4 | BI27: As Lenovo's request to do regression test with new tianxi app v3.5.3.2131c | BS27: =IF(BT27=0,0,BT27/BY27/7) -> 0
B28: C38 AIO_202603_04 | C28: 2026 | D28: Apr | E28: C38 AIO | F28: Consumer | G28: LOC75 | H28: =IFERROR(VLOOKUP(G28,'C38 NB project list'!F:J,2,0),IFERROR(VLOOKUP(G28, 'C38 AIO project list'!E:I,2,0),"")) -> IdeaCentre AIO 27IPH11 | I28: =IFERROR(VLOOKUP(G28,'C38 NB project list'!F:J,4,0),IFERROR(VLOOKUP(G28, 'C38 AIO project list'!E:I,4,0),"")) -> 46051 | J28: =IF(K28<=TODAY(),"Y","N") -> N | K28: =IFERROR(VLOOKUP(G28,'C38 NB project list'!F:J,5,0),IFERROR(VLOOKUP(G28,'C38 AIO project list'!E:I,5,0),"")) -> 46417 | L28: =IF(ISNUMBER(K28),EDATE(K28,60),"") -> 48243 | M28: =IF(COUNT(I28,K28,L28)=0, "", IF(TODAY()<I28,"NPI",IF(TODAY()<K28,"MP",IF(TODAY()<L28,"EOP","EOS")))) -> MP | N28: =IF(M28="MP",(TODAY()-I28)/365,"NA") -> 0.34520548 | O28: =IF(M28="EOP",(TODAY()-K28)/365,"NA") -> NA | P28: =IF(M28="EOS",(TODAY()-L28)/365,"NA") -> NA | Q28: N | R28: SIT units | S28: 3 | T28: =AJ28+BB28+BS28+CJ28 -> 1.46 | U28: =AK28+BC28+BT28+CK28 -> 51.1 | V28: =AL28+BD28+BU28+CL28 -> 0 | W28: =IF(COUNTA(AC28,AU28,BL28,CC28)=0,"",IF(CC28<>"",CC28,IF(BL28<>"",BL28,IF(AU28<>"",AU28,AC28)))) -> Pass | Y28: =IF(AND(X28<>"", AO28<>""),X28-AO28,0) -> 0 | Z28: 44.6 | AA28: =IF(AK28+BC28+BT28+CK28-Z28>=0,AK28+BC28+BT28+CK28-Z28,0) -> 6.5 | AB28: New Test | AC28: Pass | AD28: APP | AE28: Tianxi | AF28: 3.5.3.2131c | AG28: BIOS: O6WKT1CA OS: 25H2 26200.7462 Driver: v1.0 | AH28: Image build | AJ28: =IF(AK28=0,0,AK28/AQ28/7) -> 1.46 | AK28: 51.1 | AL28: 0 | AM28: NPI | AN28: NPI Team: Bella_Guo Sustain team:Iris_zhou/ Keven_Zhao | AO28: 46111 | AP28: 46126 | AQ28: 5 | AR28: New introduce Tianxi APP | BB28: =IF(BC28=0,0,BC28/BH28/7) -> 0 | BS28: =IF(BT28=0,0,BT28/BY28/7) -> 0
B29: NB往下 | Y29: =IF(AND(X29<>"", AO29<>""),X29-AO29,0) -> 0 | AA29: =IF(AK29+BC29+BT29+CK29-Z29>=0,AK29+BC29+BT29+CK29-Z29,0) -> 0
B30: C38 NB_202605_21 | C30: 2026 | D30: Jun | E30: C38 NB | F30: Gaming | G30: KLG11 | H30: =IFERROR(VLOOKUP(G30,'C38 NB project list'!F:J,2,0),IFERROR(VLOOKUP(G30, 'C38 AIO project list'!E:I,2,0),"")) -> L3X0 17" Intel RPL Refresh HX55 + NV GPU(HPT1&HPT2) | I30: =IFERROR(VLOOKUP(G30,'C38 NB project list'!F:J,4,0),IFERROR(VLOOKUP(G30, 'C38 AIO project list'!E:I,4,0),"")) -> 45811 | J30: =IF(K30<=TODAY(),"Y","N") -> N | K30: =IFERROR(VLOOKUP(G30,'C38 NB project list'!F:J,5,0),IFERROR(VLOOKUP(G30,'C38 AIO project list'!E:I,5,0),"")) -> 46568 | L30: =IF(ISNUMBER(K30),EDATE(K30,60),"") -> 48395 | M30: =IF(COUNT(I30,K30,L30)=0, "", IF(TODAY()<I30,"NPI",IF(TODAY()<K30,"MP",IF(TODAY()<L30,"EOP","EOS")))) -> MP | N30: =IF(M30="MP",(TODAY()-I30)/365,"NA") -> 1.0027397 | O30: =IF(M30="EOP",(TODAY()-#REF!)/365,"NA") -> NA | P30: =IF(M30="EOS",(TODAY()-L30)/365,"NA") -> NA | Q30: N | R30: SIT units | S30: 15 | T30: =AJ30+BB30+BS30+CJ30 -> 0.39047619 | U30: =AK30+BC30+BT30+CK30 -> 41 | V30: =AL30+BD30+BU30+CL30 -> 0 | W30: =IF(COUNTA(AC30,AU30,BL30,CC30)=0,"",IF(CC30<>"",CC30,IF(BL30<>"",BL30,IF(AU30<>"",AU30,AC30)))) -> Planning | Y30: =IF(AND(X30<>"", AO30<>""),X30-AO30,0) -> 0 | Z30: 41 | AA30: =IF(AK30+BC30+BT30+CK30-Z30>=0,AK30+BC30+BT30+CK30-Z30,0) -> 0 | AB30: New Test | AC30: Planning | AD30: Driver | AE30: Wlan Driver | AF30: 24.40.0.4 | AG30: BIOS v44 + Preload v48 | AH30: Image build | AJ30: =IF(AK30=0,0,AK30/AQ30/7) -> 0.39047619 | AK30: 41 | AL30: 0 | AM30: Sustain | AN30: Sustain team: Grace_Zhang/Lily_Ye | AO30: 46168 | AP30: 46188 | AQ30: 15 | AR30: 3.Update Intel BT driver to 24.40.0.3 Change point: Follow Intel wifi driver update to latest version.
B31: C38 NB_202605_20 | C31: 2026 | D31: Jun | E31: C38 NB | F31: Gaming | G31: KLG10 | H31: =IFERROR(VLOOKUP(G31,'C38 NB project list'!F:J,2,0),IFERROR(VLOOKUP(G31, 'C38 AIO project list'!E:I,2,0),"")) -> L3X0 15" Intel RPL Refresh HX55 + NV GPU | I31: =IFERROR(VLOOKUP(G31,'C38 NB project list'!F:J,4,0),IFERROR(VLOOKUP(G31, 'C38 AIO project list'!E:I,4,0),"")) -> 45795 | J31: =IF(K31<=TODAY(),"Y","N") -> N | K31: =IFERROR(VLOOKUP(G31,'C38 NB project list'!F:J,5,0),IFERROR(VLOOKUP(G31,'C38 AIO project list'!E:I,5,0),"")) -> 46568 | L31: =IF(ISNUMBER(K31),EDATE(K31,60),"") -> 48395 | M31: =IF(COUNT(I31,K31,L31)=0, "", IF(TODAY()<I31,"NPI",IF(TODAY()<K31,"MP",IF(TODAY()<L31,"EOP","EOS")))) -> MP | N31: =IF(M31="MP",(TODAY()-I31)/365,"NA") -> 1.0465753 | O31: =IF(M31="EOP",(TODAY()-#REF!)/365,"NA") -> NA | P31: =IF(M31="EOS",(TODAY()-L31)/365,"NA") -> NA | Q31: N | R31: SIT units | S31: 20 | T31: =AJ31+BB31+BS31+CJ31 -> 0.39047619 | U31: =AK31+BC31+BT31+CK31 -> 41 | V31: =AL31+BD31+BU31+CL31 -> 0 | W31: =IF(COUNTA(AC31,AU31,BL31,CC31)=0,"",IF(CC31<>"",CC31,IF(BL31<>"",BL31,IF(AU31<>"",AU31,AC31)))) -> Planning | Y31: =IF(AND(X31<>"", AO31<>""),X31-AO31,0) -> 0 | Z31: 41 | AA31: =IF(AK31+BC31+BT31+CK31-Z31>=0,AK31+BC31+BT31+CK31-Z31,0) -> 0 | AB31: New Test | AC31: Planning | AD31: Driver | AE31: Wlan Driver | AF31: 24.40.0.4 | AG31: BIOS v44 + Preload v48 | AH31: Image build | AJ31: =IF(AK31=0,0,AK31/AQ31/7) -> 0.39047619 | AK31: 41 | AL31: 0 | AM31: Sustain | AN31: Sustain team: Grace_Zhang/Gerry_Xu | AO31: 46168 | AP31: 46188 | AQ31: 15 | AR31: 3.Update Intel BT driver to 24.40.0.3 Change point: Follow Intel wifi driver update to latest version.
B32: C38 NB_202605_19 | C32: 2026 | D32: Jun | E32: C38 NB | F32: Gaming | G32: KLG11 | H32: =IFERROR(VLOOKUP(G32,'C38 NB project list'!F:J,2,0),IFERROR(VLOOKUP(G32, 'C38 AIO project list'!E:I,2,0),"")) -> L3X0 17" Intel RPL Refresh HX55 + NV GPU(HPT1&HPT2) | I32: =IFERROR(VLOOKUP(G32,'C38 NB project list'!F:J,4,0),IFERROR(VLOOKUP(G32, 'C38 AIO project list'!E:I,4,0),"")) -> 45811 | J32: =IF(K32<=TODAY(),"Y","N") -> N | K32: =IFERROR(VLOOKUP(G32,'C38 NB project list'!F:J,5,0),IFERROR(VLOOKUP(G32,'C38 AIO project list'!E:I,5,0),"")) -> 46568 | L32: =IF(ISNUMBER(K32),EDATE(K32,60),"") -> 48395 | M32: =IF(COUNT(I32,K32,L32)=0, "", IF(TODAY()<I32,"NPI",IF(TODAY()<K32,"MP",IF(TODAY()<L32,"EOP","EOS")))) -> MP | N32: =IF(M32="MP",(TODAY()-I32)/365,"NA") -> 1.0027397 | O32: =IF(M32="EOP",(TODAY()-#REF!)/365,"NA") -> NA | P32: =IF(M32="EOS",(TODAY()-L32)/365,"NA") -> NA | Q32: N | R32: SIT units | S32: 15 | T32: =AJ32+BB32+BS32+CJ32 -> 0.2 | U32: =AK32+BC32+BT32+CK32 -> 21 | V32: =AL32+BD32+BU32+CL32 -> 0 | W32: =IF(COUNTA(AC32,AU32,BL32,CC32)=0,"",IF(CC32<>"",CC32,IF(BL32<>"",BL32,IF(AU32<>"",AU32,AC32)))) -> Planning | Y32: =IF(AND(X32<>"", AO32<>""),X32-AO32,0) -> 0 | Z32: 21 | AA32: =IF(AK32+BC32+BT32+CK32-Z32>=0,AK32+BC32+BT32+CK32-Z32,0) -> 0 | AB32: New Test | AC32: Planning | AD32: Driver | AE32: BT Driver | AF32: 24.40.0.3 | AG32: BIOS v44 + Preload v48 | AH32: Image build | AJ32: =IF(AK32=0,0,AK32/AQ32/7) -> 0.2 | AK32: 21 | AL32: 0 | AM32: Sustain | AN32: Sustain team: Grace_Zhang/Lily_Ye | AO32: 46168 | AP32: 46188 | AQ32: 15 | AR32: 2.Update Intel wifi driver to 24.40.0.4 Change point: For security driver update
B33: C38 NB_202605_18 | C33: 2026 | D33: Jun | E33: C38 NB | F33: Gaming | G33: KLG10 | H33: =IFERROR(VLOOKUP(G33,'C38 NB project list'!F:J,2,0),IFERROR(VLOOKUP(G33, 'C38 AIO project list'!E:I,2,0),"")) -> L3X0 15" Intel RPL Refresh HX55 + NV GPU | I33: =IFERROR(VLOOKUP(G33,'C38 NB project list'!F:J,4,0),IFERROR(VLOOKUP(G33, 'C38 AIO project list'!E:I,4,0),"")) -> 45795 | J33: =IF(K33<=TODAY(),"Y","N") -> N | K33: =IFERROR(VLOOKUP(G33,'C38 NB project list'!F:J,5,0),IFERROR(VLOOKUP(G33,'C38 AIO project list'!E:I,5,0),"")) -> 46568 | L33: =IF(ISNUMBER(K33),EDATE(K33,60),"") -> 48395 | M33: =IF(COUNT(I33,K33,L33)=0, "", IF(TODAY()<I33,"NPI",IF(TODAY()<K33,"MP",IF(TODAY()<L33,"EOP","EOS")))) -> MP | N33: =IF(M33="MP",(TODAY()-I33)/365,"NA") -> 1.0465753 | O33: =IF(M33="EOP",(TODAY()-#REF!)/365,"NA") -> NA | P33: =IF(M33="EOS",(TODAY()-L33)/365,"NA") -> NA | Q33: N | R33: SIT units | S33: 20 | T33: =AJ33+BB33+BS33+CJ33 -> 0.2 | U33: =AK33+BC33+BT33+CK33 -> 21 | V33: =AL33+BD33+BU33+CL33 -> 0 | W33: =IF(COUNTA(AC33,AU33,BL33,CC33)=0,"",IF(CC33<>"",CC33,IF(BL33<>"",BL33,IF(AU33<>"",AU33,AC33)))) -> Planning | Y33: =IF(AND(X33<>"", AO33<>""),X33-AO33,0) -> 0 | Z33: 21 | AA33: =IF(AK33+BC33+BT33+CK33-Z33>=0,AK33+BC33+BT33+CK33-Z33,0) -> 0 | AB33: New Test | AC33: Planning | AD33: Driver | AE33: BT Driver | AF33: 24.40.0.3 | AG33: BIOS v44 + Preload v48 | AH33: Image build | AJ33: =IF(AK33=0,0,AK33/AQ33/7) -> 0.2 | AK33: 21 | AL33: 0 | AM33: Sustain | AN33: Sustain team: Grace_Zhang/Gerry_Xu | AO33: 46168 | AP33: 46188 | AQ33: 15 | AR33: 2.Update Intel wifi driver to 24.40.0.4 Change point: For security driver update
B34: C38 NB_202605_17 | C34: 2026 | D34: May | E34: C38 NB | F34: Gaming | G34: KLG20 | H34: =IFERROR(VLOOKUP(G34,'C38 NB project list'!F:J,2,0),IFERROR(VLOOKUP(G34, 'C38 AIO project list'!E:I,2,0),"")) -> L3X0 15" AMD Hawk Point Refresh H45 + NV GPU | I34: =IFERROR(VLOOKUP(G34,'C38 NB project list'!F:J,4,0),IFERROR(VLOOKUP(G34, 'C38 AIO project list'!E:I,4,0),"")) -> 45799 | J34: =IF(K34<=TODAY(),"Y","N") -> N | K34: =IFERROR(VLOOKUP(G34,'C38 NB project list'!F:J,5,0),IFERROR(VLOOKUP(G34,'C38 AIO project list'!E:I,5,0),"")) -> 46568 | L34: =IF(ISNUMBER(K34),EDATE(K34,60),"") -> 48395 | M34: =IF(COUNT(I34,K34,L34)=0, "", IF(TODAY()<I34,"NPI",IF(TODAY()<K34,"MP",IF(TODAY()<L34,"EOP","EOS")))) -> MP | N34: =IF(M34="MP",(TODAY()-I34)/365,"NA") -> 1.0356164 | O34: =IF(M34="EOP",(TODAY()-#REF!)/365,"NA") -> NA | P34: =IF(M34="EOS",(TODAY()-L34)/365,"NA") -> NA | Q34: N | R34: SIT units | S34: 20 | T34: =AJ34+BB34+BS34+CJ34 -> 1.847619 | U34: =AK34+BC34+BT34+CK34 -> 194 | V34: =AL34+BD34+BU34+CL34 -> 93 | W34: =IF(COUNTA(AC34,AU34,BL34,CC34)=0,"",IF(CC34<>"",CC34,IF(BL34<>"",BL34,IF(AU34<>"",AU34,AC34)))) -> Testing | Y34: =IF(AND(X34<>"", AO34<>""),X34-AO34,0) -> 0 | Z34: 194 | AA34: =IF(AK34+BC34+BT34+CK34-Z34>=0,AK34+BC34+BT34+CK34-Z34,0) -> 0 | AB34: New Test | AC34: Testing | AD34: Driver | AE34: VGA Driver | AF34: 32.0.15.959 | AG34: BIOS v26 + Preload v40 | AH34: Image build | AJ34: =IF(AK34=0,0,AK34/AQ34/7) -> 1.847619 | AK34: 194 | AL34: 93 | AM34: Sustain | AN34: Sustain team: Grace_Zhang/Webster_Wang | AO34: 46171 | AP34: 46191 | AQ34: 15 | AR34: 1.Update NVIDIA Video driver to v32.0.15.9595. Change point:For security driver update (Parent id:-LEN-216341)
B35: C38 NB_202605_16 | C35: 2026 | D35: May | E35: C38 NB | F35: Gaming | G35: KLG20 | H35: =IFERROR(VLOOKUP(G35,'C38 NB project list'!F:J,2,0),IFERROR(VLOOKUP(G35, 'C38 AIO project list'!E:I,2,0),"")) -> L3X0 15" AMD Hawk Point Refresh H45 + NV GPU | I35: =IFERROR(VLOOKUP(G35,'C38 NB project list'!F:J,4,0),IFERROR(VLOOKUP(G35, 'C38 AIO project list'!E:I,4,0),"")) -> 45799 | J35: =IF(K35<=TODAY(),"Y","N") -> N | K35: =IFERROR(VLOOKUP(G35,'C38 NB project list'!F:J,5,0),IFERROR(VLOOKUP(G35,'C38 AIO project list'!E:I,5,0),"")) -> 46568 | L35: =IF(ISNUMBER(K35),EDATE(K35,60),"") -> 48395 | M35: =IF(COUNT(I35,K35,L35)=0, "", IF(TODAY()<I35,"NPI",IF(TODAY()<K35,"MP",IF(TODAY()<L35,"EOP","EOS")))) -> MP | N35: =IF(M35="MP",(TODAY()-I35)/365,"NA") -> 1.0356164 | O35: =IF(M35="EOP",(TODAY()-#REF!)/365,"NA") -> NA | P35: =IF(M35="EOS",(TODAY()-L35)/365,"NA") -> NA | Q35: N | R35: SIT units | S35: 15 | T35: =AJ35+BB35+BS35+CJ35 -> 2.6380952 | U35: =AK35+BC35+BT35+CK35 -> 277 | V35: =AL35+BD35+BU35+CL35 -> 93 | W35: =IF(COUNTA(AC35,AU35,BL35,CC35)=0,"",IF(CC35<>"",CC35,IF(BL35<>"",BL35,IF(AU35<>"",AU35,AC35)))) -> Testing | Y35: =IF(AND(X35<>"", AO35<>""),X35-AO35,0) -> 0 | Z35: 277 | AA35: =IF(AK35+BC35+BT35+CK35-Z35>=0,AK35+BC35+BT35+CK35-Z35,0) -> 0 | AB35: New Test | AC35: Testing | AD35: Driver | AE35: VGA Driver | AF35: 32.0.15.959 | AG35: BIOS v26 + Preload v40 | AH35: Image build | AJ35: =IF(AK35=0,0,AK35/AQ35/7) -> 2.6380952 | AK35: 277 | AL35: 93 | AM35: Sustain | AN35: Sustain team: Grace_Zhang/Webster_Wang | AO35: 46171 | AP35: 46191 | AQ35: 15 | AR35: 1.Update NVIDIA Video driver to v32.0.15.9595. Change point:For security driver update (Parent id:-LEN-216341)
B36: C38 NB_202605_15 | C36: 2026 | D36: May | E36: C38 NB | F36: Gaming | G36: KLG11 | H36: =IFERROR(VLOOKUP(G36,'C38 NB project list'!F:J,2,0),IFERROR(VLOOKUP(G36, 'C38 AIO project list'!E:I,2,0),"")) -> L3X0 17" Intel RPL Refresh HX55 + NV GPU(HPT1&HPT2) | I36: =IFERROR(VLOOKUP(G36,'C38 NB project list'!F:J,4,0),IFERROR(VLOOKUP(G36, 'C38 AIO project list'!E:I,4,0),"")) -> 45811 | J36: =IF(K36<=TODAY(),"Y","N") -> N | K36: =IFERROR(VLOOKUP(G36,'C38 NB project list'!F:J,5,0),IFERROR(VLOOKUP(G36,'C38 AIO project list'!E:I,5,0),"")) -> 46568 | L36: =IF(ISNUMBER(K36),EDATE(K36,60),"") -> 48395 | M36: =IF(COUNT(I36,K36,L36)=0, "", IF(TODAY()<I36,"NPI",IF(TODAY()<K36,"MP",IF(TODAY()<L36,"EOP","EOS")))) -> MP | N36: =IF(M36="MP",(TODAY()-I36)/365,"NA") -> 1.0027397 | O36: =IF(M36="EOP",(TODAY()-#REF!)/365,"NA") -> NA | P36: =IF(M36="EOS",(TODAY()-L36)/365,"NA") -> NA | Q36: N | R36: SIT units | S36: 15 | T36: =AJ36+BB36+BS36+CJ36 -> 3.4666667 | U36: =AK36+BC36+BT36+CK36 -> 364 | V36: =AL36+BD36+BU36+CL36 -> 0 | W36: =IF(COUNTA(AC36,AU36,BL36,CC36)=0,"",IF(CC36<>"",CC36,IF(BL36<>"",BL36,IF(AU36<>"",AU36,AC36)))) -> Testing | Y36: =IF(AND(X36<>"", AO36<>""),X36-AO36,0) -> 0 | Z36: 364 | AA36: =IF(AK36+BC36+BT36+CK36-Z36>=0,AK36+BC36+BT36+CK36-Z36,0) -> 0 | AB36: New Test | AC36: Testing | AD36: Driver | AE36: VGA Driver | AF36: 32.0.15.959 | AG36: BIOS v44 + Preload v48 | AH36: Image build | AJ36: =IF(AK36=0,0,AK36/AQ36/7) -> 3.4666667 | AK36: 364 | AL36: 0 | AM36: Sustain | AN36: Sustain team: Grace_Zhang/Lily_Ye | AO36: 46168 | AP36: 46188 | AQ36: 15 | AR36: 1.Update NVIDIA Video driver to v32.0.15.9595. Change point: For security driver update
B37: C38 NB_202605_14 | C37: 2026 | D37: May | E37: C38 NB | F37: Gaming | G37: KLG10 | H37: =IFERROR(VLOOKUP(G37,'C38 NB project list'!F:J,2,0),IFERROR(VLOOKUP(G37, 'C38 AIO project list'!E:I,2,0),"")) -> L3X0 15" Intel RPL Refresh HX55 + NV GPU | I37: =IFERROR(VLOOKUP(G37,'C38 NB project list'!F:J,4,0),IFERROR(VLOOKUP(G37, 'C38 AIO project list'!E:I,4,0),"")) -> 45795 | J37: =IF(K37<=TODAY(),"Y","N") -> N | K37: =IFERROR(VLOOKUP(G37,'C38 NB project list'!F:J,5,0),IFERROR(VLOOKUP(G37,'C38 AIO project list'!E:I,5,0),"")) -> 46568 | L37: =IF(ISNUMBER(K37),EDATE(K37,60),"") -> 48395 | M37: =IF(COUNT(I37,K37,L37)=0, "", IF(TODAY()<I37,"NPI",IF(TODAY()<K37,"MP",IF(TODAY()<L37,"EOP","EOS")))) -> MP | N37: =IF(M37="MP",(TODAY()-I37)/365,"NA") -> 1.0465753 | O37: =IF(M37="EOP",(TODAY()-#REF!)/365,"NA") -> NA | P37: =IF(M37="EOS",(TODAY()-L37)/365,"NA") -> NA | Q37: N | R37: SIT units | S37: 20 | T37: =AJ37+BB37+BS37+CJ37 -> 3.447619 | U37: =AK37+BC37+BT37+CK37 -> 362 | V37: =AL37+BD37+BU37+CL37 -> 0 | W37: =IF(COUNTA(AC37,AU37,BL37,CC37)=0,"",IF(CC37<>"",CC37,IF(BL37<>"",BL37,IF(AU37<>"",AU37,AC37)))) -> Testing | Y37: =IF(AND(X37<>"", AO37<>""),X37-AO37,0) -> 0 | Z37: 362 | AA37: =IF(AK37+BC37+BT37+CK37-Z37>=0,AK37+BC37+BT37+CK37-Z37,0) -> 0 | AB37: New Test | AC37: Testing | AD37: Driver | AE37: VGA Driver | AF37: 32.0.15.959 | AG37: BIOS v44 + Preload v48 | AH37: Image build | AJ37: =IF(AK37=0,0,AK37/AQ37/7) -> 3.447619 | AK37: 362 | AL37: 0 | AM37: Sustain | AN37: Sustain team: Grace_Zhang/Gerry_Xu | AO37: 46168 | AP37: 46188 | AQ37: 15 | AR37: 1.Update NVIDIA Video driver to v32.0.15.9595. Change point: For security driver update
B38: C38 NB_202605_13 | C38: 2026 | D38: May | E38: C38 NB | F38: Gaming | G38: KLG23 | H38: =IFERROR(VLOOKUP(G38,'C38 NB project list'!F:J,2,0),IFERROR(VLOOKUP(G38, 'C38 AIO project list'!E:I,2,0),"")) -> LOQ-E AMD RMB+ + GN22 | I38: 46069 | J38: =IF(K38<=TODAY(),"Y","N") -> N | K38: =IFERROR(VLOOKUP(G38,'C38 NB project list'!F:J,5,0),IFERROR(VLOOKUP(G38,'C38 AIO project list'!E:I,5,0),"")) -> 46843 | L38: =IF(ISNUMBER(K38),EDATE(K38,60),"") -> 48669 | M38: =IF(COUNT(I38,K38,L38)=0, "", IF(TODAY()<I38,"NPI",IF(TODAY()<K38,"MP",IF(TODAY()<L38,"EOP","EOS")))) -> MP | N38: =IF(M38="MP",(TODAY()-I38)/365,"NA") -> 0.29589041 | O38: =IF(M38="EOP",(TODAY()-K38)/365,"NA") -> NA | P38: =IF(M38="EOS",(TODAY()-L38)/365,"NA") -> NA | Q38: N | R38: SIT units | S38: 20 | T38: =AJ38+BB38+BS38+CJ38 -> 2.5238095 | U38: =AK38+BC38+BT38+CK38 -> 265 | V38: =AL38+BD38+BU38+CL38 -> 0 | W38: =IF(COUNTA(AC38,AU38,BL38,CC38)=0,"",IF(CC38<>"",CC38,IF(BL38<>"",BL38,IF(AU38<>"",AU38,AC38)))) -> Testing | Y38: =IF(AND(X38<>"", AO38<>""),X38-AO38,0) -> 0 | Z38: 265 | AA38: =IF(AK38+BC38+BT38+CK38-Z38>=0,AK38+BC38+BT38+CK38-Z38,0) -> 0 | AB38: New Test | AC38: Testing | AD38: Driver | AE38: VGA Driver | AF38: NVIDIA Video driver to v32.0.15.959 | AG38: BIOS V13+Image V19 | AH38: Image build | AJ38: =IF(AK38=0,0,AK38/AQ38/7) -> 2.5238095 | AK38: 265 | AL38: 0 | AM38: Sustain | AN38: Lora_Sun | AO38: 46167 | AP38: 46185 | AQ38: 15 | AR38: 1.Update NVIDIA Video driver to v32.0.15.9595. Change point:For security driver update(Parent id:-LEN-216341)
B39: C38 NB_202605_12 | C39: 2026 | D39: May | E39: C38 NB | F39: Gaming | G39: KLG13 | H39: =IFERROR(VLOOKUP(G39,'C38 NB project list'!F:J,2,0),IFERROR(VLOOKUP(G39, 'C38 AIO project list'!E:I,2,0),"")) -> LOQ-E Intel RPL HX55 + NV GPU fighting box | I39: 46069 | J39: =IF(K39<=TODAY(),"Y","N") -> N | K39: =IFERROR(VLOOKUP(G39,'C38 NB project list'!F:J,5,0),IFERROR(VLOOKUP(G39,'C38 AIO project list'!E:I,5,0),"")) -> 46660 | L39: =IF(ISNUMBER(K39),EDATE(K39,60),"") -> 48487 | M39: =IF(COUNT(I39,K39,L39)=0, "", IF(TODAY()<I39,"NPI",IF(TODAY()<K39,"MP",IF(TODAY()<L39,"EOP","EOS")))) -> MP | N39: =IF(M39="MP",(TODAY()-I39)/365,"NA") -> 0.29589041 | O39: =IF(M39="EOP",(TODAY()-K39)/365,"NA") -> NA | P39: =IF(M39="EOS",(TODAY()-L39)/365,"NA") -> NA | Q39: N | R39: SIT units | S39: 32 | T39: =AJ39+BB39+BS39+CJ39 -> 4.0571429 | U39: =AK39+BC39+BT39+CK39 -> 142 | V39: =AL39+BD39+BU39+CL39 -> 0 | W39: =IF(COUNTA(AC39,AU39,BL39,CC39)=0,"",IF(CC39<>"",CC39,IF(BL39<>"",BL39,IF(AU39<>"",AU39,AC39)))) -> Testing | Y39: =IF(AND(X39<>"", AO39<>""),X39-AO39,0) -> 0 | Z39: 142 | AA39: =IF(AK39+BC39+BT39+CK39-Z39>=0,AK39+BC39+BT39+CK39-Z39,0) -> 0 | AB39: New Test | AC39: Testing | AD39: BIOS | AE39: BIOS | AF39: R3CN22WW | AG39: BIOS V22+Image V35 | AJ39: =IF(AK39=0,0,AK39/AQ39/7) -> 4.0571429 | AK39: 142 | AL39: 0 | AM39: Sustain | AN39: Lora_Sun | AO39: 46164 | AP39: 46170 | AQ39: 5 | AR39: 1.Disable GC OFF Support on 8GB RAM.
B40: C38 NB_202605_11 | C40: 2026 | D40: May | E40: C38 NB | F40: Gaming | G40: LLY10 | H40: =IFERROR(VLOOKUP(G40,'C38 NB project list'!F:J,2,0),IFERROR(VLOOKUP(G40, 'C38 AIO project list'!E:I,2,0),"")) -> Y5s Gen11 15.3" Intel PTH-H + NV GN22 BD2 | I40: 46069 | J40: =IF(K40<=TODAY(),"Y","N") -> N | K40: =IFERROR(VLOOKUP(G40,'C38 NB project list'!F:J,5,0),IFERROR(VLOOKUP(G40,'C38 AIO project list'!E:I,5,0),"")) -> 46660 | L40: =IF(ISNUMBER(K40),EDATE(K40,60),"") -> 48487 | M40: =IF(COUNT(I40,K40,L40)=0, "", IF(TODAY()<I40,"NPI",IF(TODAY()<K40,"MP",IF(TODAY()<L40,"EOP","EOS")))) -> MP | N40: =IF(M40="MP",(TODAY()-I40)/365,"NA") -> 0.29589041 | O40: =IF(M40="EOP",(TODAY()-K40)/365,"NA") -> NA | P40: =IF(M40="EOS",(TODAY()-L40)/365,"NA") -> NA | Q40: N | R40: SIT units | S40: 25 | T40: =AJ40+BB40+BS40+CJ40 -> 0.22380952 | U40: =AK40+BC40+BT40+CK40 -> 23.5 | V40: =AL40+BD40+BU40+CL40 -> 0 | W40: =IF(COUNTA(AC40,AU40,BL40,CC40)=0,"",IF(CC40<>"",CC40,IF(BL40<>"",BL40,IF(AU40<>"",AU40,AC40)))) -> Pending | Y40: =IF(AND(X40<>"", AO40<>""),X40-AO40,0) -> 0 | Z40: 23.5 | AA40: =IF(AK40+BC40+BT40+CK40-Z40>=0,AK40+BC40+BT40+CK40-Z40,0) -> 0 | AB40: New Test | AC40: Pending | AD40: Driver | AE40: Dispatcher | AF40: V3.2.0.26 | AG40: BIOS V44+Image V39 | AH40: Image build | AI40: =HYPERLINK("#'SW sustaining issue list'!B"&ROW('SW sustaining issue list'!B205),"Click Here") -> Click Here | AJ40: =IF(AK40=0,0,AK40/AQ40/7) -> 0.22380952 | AK40: 23.5 | AM40: Sustain | AN40: Gemma_wang/Jared_tong/Vera_xu/Daisy_zhang | AO40: 46167 | AP40: 46185 | AQ40: 15 | AR40: V3.2.0.26
B41: C38 NB_202605_10 | C41: 2026 | D41: May | E41: C38 NB | F41: Gaming | G41: LLY10 | H41: =IFERROR(VLOOKUP(G41,'C38 NB project list'!F:J,2,0),IFERROR(VLOOKUP(G41, 'C38 AIO project list'!E:I,2,0),"")) -> Y5s Gen11 15.3" Intel PTH-H + NV GN22 BD2 | I41: 46069 | J41: =IF(K41<=TODAY(),"Y","N") -> N | K41: =IFERROR(VLOOKUP(G41,'C38 NB project list'!F:J,5,0),IFERROR(VLOOKUP(G41,'C38 AIO project list'!E:I,5,0),"")) -> 46660 | L41: =IF(ISNUMBER(K41),EDATE(K41,60),"") -> 48487 | M41: =IF(COUNT(I41,K41,L41)=0, "", IF(TODAY()<I41,"NPI",IF(TODAY()<K41,"MP",IF(TODAY()<L41,"EOP","EOS")))) -> MP | N41: =IF(M41="MP",(TODAY()-I41)/365,"NA") -> 0.29589041 | O41: =IF(M41="EOP",(TODAY()-K41)/365,"NA") -> NA | P41: =IF(M41="EOS",(TODAY()-L41)/365,"NA") -> NA | Q41: N | R41: SIT units | S41: 25 | T41: =AJ41+BB41+BS41+CJ41 -> 0.076190476 | U41: =AK41+BC41+BT41+CK41 -> 8 | V41: =AL41+BD41+BU41+CL41 -> 20 | W41: =IF(COUNTA(AC41,AU41,BL41,CC41)=0,"",IF(CC41<>"",CC41,IF(BL41<>"",BL41,IF(AU41<>"",AU41,AC41)))) -> Pending | Y41: =IF(AND(X41<>"", AO41<>""),X41-AO41,0) -> 0 | Z41: 8 | AA41: =IF(AK41+BC41+BT41+CK41-Z41>=0,AK41+BC41+BT41+CK41-Z41,0) -> 0 | AB41: New Test | AC41: Pending | AD41: FW | AE41: LA3 | AF41: V19 | AG41: BIOS V44+Image V39 | AI41: =HYPERLINK("#'SW sustaining issue list'!B"&ROW('SW sustaining issue list'!B206),"Click Here") -> Click Here | AJ41: =IF(AK41=0,0,AK41/AQ41/7) -> 0.076190476 | AK41: 8 | AL41: 20 | AM41: Sustain | AN41: Gemma_wang/Jared_tong/Vera_xu/Daisy_zhang | AO41: 46167 | AP41: 46185 | AQ41: 15 | AR41: V19
B42: C38 NB_202605_09 | C42: 2026 | D42: May | E42: C38 NB | F42: Gaming | G42: LLY10 | H42: =IFERROR(VLOOKUP(G42,'C38 NB project list'!F:J,2,0),IFERROR(VLOOKUP(G42, 'C38 AIO project list'!E:I,2,0),"")) -> Y5s Gen11 15.3" Intel PTH-H + NV GN22 BD2 | I42: 46069 | J42: =IF(K42<=TODAY(),"Y","N") -> N | K42: =IFERROR(VLOOKUP(G42,'C38 NB project list'!F:J,5,0),IFERROR(VLOOKUP(G42,'C38 AIO project list'!E:I,5,0),"")) -> 46660 | L42: =IF(ISNUMBER(K42),EDATE(K42,60),"") -> 48487 | M42: =IF(COUNT(I42,K42,L42)=0, "", IF(TODAY()<I42,"NPI",IF(TODAY()<K42,"MP",IF(TODAY()<L42,"EOP","EOS")))) -> MP | N42: =IF(M42="MP",(TODAY()-I42)/365,"NA") -> 0.29589041 | O42: =IF(M42="EOP",(TODAY()-K42)/365,"NA") -> NA | P42: =IF(M42="EOS",(TODAY()-L42)/365,"NA") -> NA | Q42: N | R42: SIT units | S42: 25 | T42: =AJ42+BB42+BS42+CJ42 -> 0.095238095 | U42: =AK42+BC42+BT42+CK42 -> 10 | V42: =AL42+BD42+BU42+CL42 -> 20 | W42: =IF(COUNTA(AC42,AU42,BL42,CC42)=0,"",IF(CC42<>"",CC42,IF(BL42<>"",BL42,IF(AU42<>"",AU42,AC42)))) -> Pending | Y42: =IF(AND(X42<>"", AO42<>""),X42-AO42,0) -> 0 | Z42: 10 | AA42: =IF(AK42+BC42+BT42+CK42-Z42>=0,AK42+BC42+BT42+CK42-Z42,0) -> 0 | AB42: New Test | AC42: Pending | AD42: APP | AE42: Legion Space | AF42: V1.9.11.5 | AG42: BIOS V44+Image V39 | AH42: Image build | AI42: =HYPERLINK("#'SW sustaining issue list'!B"&ROW('SW sustaining issue list'!B207),"Click Here") -> Click Here | AJ42: =IF(AK42=0,0,AK42/AQ42/7) -> 0.095238095 | AK42: 10 | AL42: 20 | AM42: Sustain | AN42: Gemma_wang/Jared_tong/Vera_xu/Daisy_zhang | AO42: 46167 | AP42: 46185 | AQ42: 15 | AR42: V1.9.11.5
B43: C38 NB_202605_08 | C43: 2026 | D43: May | E43: C38 NB | F43: Gaming | G43: LLY10 | H43: =IFERROR(VLOOKUP(G43,'C38 NB project list'!F:J,2,0),IFERROR(VLOOKUP(G43, 'C38 AIO project list'!E:I,2,0),"")) -> Y5s Gen11 15.3" Intel PTH-H + NV GN22 BD2 | I43: 46069 | J43: =IF(K43<=TODAY(),"Y","N") -> N | K43: =IFERROR(VLOOKUP(G43,'C38 NB project list'!F:J,5,0),IFERROR(VLOOKUP(G43,'C38 AIO project list'!E:I,5,0),"")) -> 46660 | L43: =IF(ISNUMBER(K43),EDATE(K43,60),"") -> 48487 | M43: =IF(COUNT(I43,K43,L43)=0, "", IF(TODAY()<I43,"NPI",IF(TODAY()<K43,"MP",IF(TODAY()<L43,"EOP","EOS")))) -> MP | N43: =IF(M43="MP",(TODAY()-I43)/365,"NA") -> 0.29589041 | O43: =IF(M43="EOP",(TODAY()-K43)/365,"NA") -> NA | P43: =IF(M43="EOS",(TODAY()-L43)/365,"NA") -> NA | Q43: N | R43: SIT units | S43: 25 | T43: =AJ43+BB43+BS43+CJ43 -> 0.11428571 | U43: =AK43+BC43+BT43+CK43 -> 12 | V43: =AL43+BD43+BU43+CL43 -> 0 | W43: =IF(COUNTA(AC43,AU43,BL43,CC43)=0,"",IF(CC43<>"",CC43,IF(BL43<>"",BL43,IF(AU43<>"",AU43,AC43)))) -> Pending | Y43: =IF(AND(X43<>"", AO43<>""),X43-AO43,0) -> 0 | Z43: 12 | AA43: =IF(AK43+BC43+BT43+CK43-Z43>=0,AK43+BC43+BT43+CK43-Z43,0) -> 0 | AB43: New Test | AC43: Pending | AD43: APP | AE43: Legion Zone | AF43: V2.0.2.10011v | AG43: BIOS V44+Image V39 | AH43: Image build | AI43: =HYPERLINK("#'SW sustaining issue list'!B"&ROW('SW sustaining issue list'!B208),"Click Here") -> Click Here | AJ43: =IF(AK43=0,0,AK43/AQ43/7) -> 0.11428571 | AK43: 12 | AM43: Sustain | AN43: Gemma_wang/Jared_tong/Vera_xu/Daisy_zhang | AO43: 46167 | AP43: 46185 | AQ43: 15 | AR43: V2.0.2.10011v
B44: C38 NB_202605_07 | C44: 2026 | D44: May | E44: C38 NB | F44: Gaming | G44: LLY10 | H44: =IFERROR(VLOOKUP(G44,'C38 NB project list'!F:J,2,0),IFERROR(VLOOKUP(G44, 'C38 AIO project list'!E:I,2,0),"")) -> Y5s Gen11 15.3" Intel PTH-H + NV GN22 BD2 | I44: 46069 | J44: =IF(K44<=TODAY(),"Y","N") -> N | K44: =IFERROR(VLOOKUP(G44,'C38 NB project list'!F:J,5,0),IFERROR(VLOOKUP(G44,'C38 AIO project list'!E:I,5,0),"")) -> 46660 | L44: =IF(ISNUMBER(K44),EDATE(K44,60),"") -> 48487 | M44: =IF(COUNT(I44,K44,L44)=0, "", IF(TODAY()<I44,"NPI",IF(TODAY()<K44,"MP",IF(TODAY()<L44,"EOP","EOS")))) -> MP | N44: =IF(M44="MP",(TODAY()-I44)/365,"NA") -> 0.29589041 | O44: =IF(M44="EOP",(TODAY()-K44)/365,"NA") -> NA | P44: =IF(M44="EOS",(TODAY()-L44)/365,"NA") -> NA | Q44: N | R44: SIT units | S44: 25 | T44: =AJ44+BB44+BS44+CJ44 -> 1.1190476 | U44: =AK44+BC44+BT44+CK44 -> 117.5 | V44: =AL44+BD44+BU44+CL44 -> 0 | W44: =IF(COUNTA(AC44,AU44,BL44,CC44)=0,"",IF(CC44<>"",CC44,IF(BL44<>"",BL44,IF(AU44<>"",AU44,AC44)))) -> Pending | Y44: =IF(AND(X44<>"", AO44<>""),X44-AO44,0) -> 0 | Z44: 117.5 | AA44: =IF(AK44+BC44+BT44+CK44-Z44>=0,AK44+BC44+BT44+CK44-Z44,0) -> 0 | AB44: New Test | AC44: Pending | AD44: BIOS | AE44: BIOS | AF44: T4CN44WW | AG44: BIOS V44+Image V39 | AI44: =HYPERLINK("#'SW sustaining issue list'!B"&ROW('SW sustaining issue list'!B209),"Click Here") -> Click Here | AJ44: =IF(AK44=0,0,AK44/AQ44/7) -> 1.1190476 | AK44: 117.5 | AM44: Sustain | AN44: Gemma_wang/Jared_tong/Vera_xu/Daisy_zhang | AO44: 46167 | AP44: 46185 | AQ44: 15 | AR44: 1. Add Dispatcher 2011 device for smart ssd function 2. Implment LA3 function. 2. Fix Dynamic Boost default in Custom Mode. 3. Fix TCC Offset cannot be modified.
B45: C38 NB_202605_06 | C45: 2026 | D45: May | E45: C38 NB | F45: Gaming | G45: JLG52 | H45: =IFERROR(VLOOKUP(G45,'C38 NB project list'!F:J,2,0),IFERROR(VLOOKUP(G45, 'C38 AIO project list'!E:I,2,0),"")) -> L390 15“ AMD Rembrandt+ H45(W/O IGPU) + NV GPU | I45: 45378 | J45: =IF(K45<=TODAY(),"Y","N") -> Y | K45: =IFERROR(VLOOKUP(G45,'C38 NB project list'!F:J,5,0),IFERROR(VLOOKUP(G45,'C38 AIO project list'!E:I,5,0),"")) -> 46112 | L45: =IF(ISNUMBER(K45),EDATE(K45,60),"") -> 47938 | N45: =IF(M45="MP",(TODAY()-I45)/365,"NA") -> NA | O45: =IF(M45="EOP",(TODAY()-K45)/365,"NA") -> NA | P45: =IF(M45="EOS",(TODAY()-L45)/365,"NA") -> NA | Q45: N | R45: SIT units | S45: 28 | T45: =AJ45+BB45+BS45+CJ45 -> 1.4142857 | U45: =AK45+BC45+BT45+CK45 -> 99 | V45: =AL45+BD45+BU45+CL45 -> 0 | W45: =IF(COUNTA(AC45,AU45,BL45,CC45)=0,"",IF(CC45<>"",CC45,IF(BL45<>"",BL45,IF(AU45<>"",AU45,AC45)))) -> Pending | Y45: =IF(AND(X45<>"", AO45<>""),X45-AO45,0) -> 0 | Z45: 99 | AA45: =IF(AK45+BC45+BT45+CK45-Z45>=0,AK45+BC45+BT45+CK45-Z45,0) -> 0 | AB45: New Test | AC45: Pending | AD45: BIOS | AE45: BIOS | AF45: PQCN30WW | AG45: PQCN30WW+Image V39(25H2) | AH45: Image build | AI45: =HYPERLINK("#'SW sustaining issue list'!B"&ROW('SW sustaining issue list'!B203),"Click Here") -> Click Here | AJ45: =IF(AK45=0,0,AK45/AQ45/7) -> 1.4142857 | AK45: 99 | AL45: 0 | AM45: Sustain | AN45: Gemma_Wang/Vera_xu | AO45: 46155 | AP45: 46168 | AQ45: 10 | AR45: IPU2 Security BIOS update
B46: C38 NB_202605_05 | C46: 2026 | D46: May | E46: C38 NB | F46: Consumer | G46: KLS71 | H46: =IFERROR(VLOOKUP(G46,'C38 NB project list'!F:J,2,0),IFERROR(VLOOKUP(G46, 'C38 AIO project list'!E:I,2,0),"")) -> Slim 7 14" Intel Lunar Lake | I46: =IFERROR(VLOOKUP(G46,'C38 NB project list'!F:J,4,0),IFERROR(VLOOKUP(G46, 'C38 AIO project list'!E:I,4,0),"")) -> 45674 | J46: =IF(K46<=TODAY(),"Y","N") -> N | K46: =IFERROR(VLOOKUP(G46,'C38 NB project list'!F:J,5,0),IFERROR(VLOOKUP(G46,'C38 AIO project list'!E:I,5,0),"")) -> 46477 | L46: =IF(ISNUMBER(K46),EDATE(K46,60),"") -> 48304 | M46: =IF(COUNT(I46,K46,L46)=0, "", IF(TODAY()<I46,"NPI",IF(TODAY()<K46,"MP",IF(TODAY()<L46,"EOP","EOS")))) -> MP | N46: =IF(M46="MP",(TODAY()-I46)/365,"NA") -> 1.3780822 | O46: =IF(M46="EOP",(TODAY()-#REF!)/365,"NA") -> NA | P46: =IF(M46="EOS",(TODAY()-L46)/365,"NA") -> NA | Q46: N | R46: SIT units | S46: 35 | T46: =AJ46+BB46+BS46+CJ46 -> 1.2714286 | U46: =AK46+BC46+BT46+CK46 -> 89 | V46: =AL46+BD46+BU46+CL46 -> 0 | W46: =IF(COUNTA(AC46,AU46,BL46,CC46)=0,"",IF(CC46<>"",CC46,IF(BL46<>"",BL46,IF(AU46<>"",AU46,AC46)))) -> Fail | Y46: =IF(AND(X46<>"", AO46<>""),X46-AO46,0) -> 0 | Z46: 89 | AA46: =IF(AK46+BC46+BT46+CK46-Z46>=0,AK46+BC46+BT46+CK46-Z46,0) -> 0 | AB46: New Test | AC46: Fail | AD46: Driver | AE46: Audio Driver | AF46: Elevoc Audio Driver to 5.0.5.318 | AG46: BIOS V35+Image V77(25H2 26200.6899) | AH46: Image build | AI46: =HYPERLINK("#'SW sustaining issue list'!B"&ROW('SW sustaining issue list'!B194),"Click Here") -> Click Here | AJ46: =IF(AK46=0,0,AK46/AQ46/7) -> 1.2714286 | AK46: 89 | AL46: 0 | AM46: Sustain | AN46: Gemma_wang/Jared_tong | AO46: 46160 | AP46: 46171 | AQ46: 10 | AR46: 1. Update Cirrus audio driver to v1.0.499.51917.(version no change) Change point: Update Elevoc Audio driver to 5.0.5.318 to fix 41586405.
B47: C38 NB_202605_04 | C47: 2026 | D47: May | E47: C38 NB | F47: Consumer | G47: KLS5I | H47: =IFERROR(VLOOKUP(G47,'C38 NB project list'!F:J,2,0),IFERROR(VLOOKUP(G47, 'C38 AIO project list'!E:I,2,0),"")) -> S5 Pro 14" Intel Arrow Lake | I47: 45700 | J47: =IF(K47<=TODAY(),"Y","N") -> N | K47: =IFERROR(VLOOKUP(G47,'C38 NB project list'!F:J,5,0),IFERROR(VLOOKUP(G47,'C38 AIO project list'!E:I,5,0),"")) -> 46295 | M47: =IF(COUNT(I47,K47,L47)=0, "", IF(TODAY()<I47,"NPI",IF(TODAY()<K47,"MP",IF(TODAY()<L47,"EOP","EOS")))) -> MP | N47: =IF(M47="MP",(TODAY()-I47)/365,"NA") -> 1.3068493 | O47: =IF(M47="EOP",(TODAY()-#REF!)/365,"NA") -> NA | P47: =IF(M47="EOS",(TODAY()-L47)/365,"NA") -> NA | Q47: N | R47: SIT units | S47: 25 | T47: =AJ47+BB47+BS47+CJ47 -> 1.8964286 | U47: =AK47+BC47+BT47+CK47 -> 132.75 | V47: =AL47+BD47+BU47+CL47 -> 0 | W47: =IF(COUNTA(AC47,AU47,BL47,CC47)=0,"",IF(CC47<>"",CC47,IF(BL47<>"",BL47,IF(AU47<>"",AU47,AC47)))) -> Conditional Pass | Y47: =IF(AND(X47<>"", AO47<>""),X47-AO47,0) -> 0 | Z47: 102 | AA47: =IF(AK47+BC47+BT47+CK47-Z47>=0,AK47+BC47+BT47+CK47-Z47,0) -> 30.75 | AB47: New Test | AC47: Fail | AD47: Driver | AE47: Audio Driver | AF47: Elevoc Audio Driver to 5.0.5.318 | AG47: QLCN35WW+V56(25H2 26200.7705) | AH47: Image build | AI47: =HYPERLINK("#'SW sustaining issue list'!B"&ROW('SW sustaining issue list'!B174),"Click Here") -> Click Here | AJ47: =IF(AK47=0,0,AK47/AQ47/7) -> 0.43928571 | AK47: 30.75 | AL47: 0 | AM47: Sustain | AN47: Gemma_wang/Stella_chen | AO47: 46150 | AP47: 46163 | AQ47: 10 | AR47: Update Elevoc Audio Driver to 5.0.5.318. Change point:Fix MSFT common MDA issue.(Upgrading EleovocUAPO to 5.0.5.311 or later). | AT47: Regression1 | AU47: Conditional Pass | AV47: Driver | AW47: Audio Driver | AX47: Elevoc Audio Driver to 5.0.5.318 | AY47: QLCN35WW+V56(25H2 26200.7705) | AZ47: Image build | BA47: =HYPERLINK("#'SW sustaining issue list'!B"&ROW('SW sustaining issue list'!S174),"Click Here") -> Click Here | BB47: =IF(BC47=0,0,BC47/BH47/7) -> 1.4571429 | BC47: 102 | BD47: 0 | BE47: Gemma_wang/Stella_chen | BF47: 46150 | BG47: 46163 | BH47: 10 | BI47: Intel BT driver roll back to V23.160.0.9 from v24.20.0.3 | BJ47: issue於audio Driver無關，BT Driver secure進版引起，退版後驗證Pass
B48: C38 NB_202605_03 | C48: 2026 | D48: May | E48: C38 NB | F48: Consumer | G48: KLS7I | H48: =IFERROR(VLOOKUP(G48,'C38 NB project list'!F:J,2,0),IFERROR(VLOOKUP(G48, 'C38 AIO project list'!E:I,2,0),"")) -> S7 Pro 14.5" Intel Arrow Lake | I48: 45700 | J48: =IF(K48<=TODAY(),"Y","N") -> N | K48: =IFERROR(VLOOKUP(G48,'C38 NB project list'!F:J,5,0),IFERROR(VLOOKUP(G48,'C38 AIO project list'!E:I,5,0),"")) -> 46295 | M48: =IF(COUNT(I48,K48,L48)=0, "", IF(TODAY()<I48,"NPI",IF(TODAY()<K48,"MP",IF(TODAY()<L48,"EOP","EOS")))) -> MP | N48: =IF(M48="MP",(TODAY()-I48)/365,"NA") -> 1.3068493 | O48: =IF(M48="EOP",(TODAY()-#REF!)/365,"NA") -> NA | P48: =IF(M48="EOS",(TODAY()-L48)/365,"NA") -> NA | Q48: N | R48: SIT units | S48: 25 | T48: =AJ48+BB48+BS48+CJ48 -> 1.6964286 | U48: =AK48+BC48+BT48+CK48 -> 118.75 | V48: =AL48+BD48+BU48+CL48 -> 0 | W48: =IF(COUNTA(AC48,AU48,BL48,CC48)=0,"",IF(CC48<>"",CC48,IF(BL48<>"",BL48,IF(AU48<>"",AU48,AC48)))) -> Conditional Pass | Y48: =IF(AND(X48<>"", AO48<>""),X48-AO48,0) -> 0 | Z48: 88 | AA48: =IF(AK48+BC48+BT48+CK48-Z48>=0,AK48+BC48+BT48+CK48-Z48,0) -> 30.75 | AB48: New Test | AC48: Fail | AD48: Driver | AE48: Audio Driver | AF48: Elevoc Audio Driver to 5.0.5.318 | AG48: QGCN35WW+V61(25H2 26200.6899) | AH48: Image build | AI48: =HYPERLINK("#'SW sustaining issue list'!B"&ROW('SW sustaining issue list'!B184),"Click Here") -> Click Here | AJ48: =IF(AK48=0,0,AK48/AQ48/7) -> 0.43928571 | AK48: 30.75 | AL48: 0 | AM48: Sustain | AN48: Gemma_wang/Lily_Ye | AO48: 46150 | AP48: 46163 | AQ48: 10 | AR48: Update Elevoc Audio Driver to 5.0.5.318. Change point:Fix MSFT common MDA issue.(Upgrading EleovocUAPO to 5.0.5.311 or later). | AT48: Regression1 | AU48: Conditional Pass | AV48: Driver | AW48: Audio Driver | AX48: Elevoc Audio Driver to 5.0.5.318 | AY48: QGCN35WW+V61(25H2 26200.6899) | AZ48: Image build | BA48: =HYPERLINK("#'SW sustaining issue list'!B"&ROW('SW sustaining issue list'!S184),"Click Here") -> Click Here | BB48: =IF(BC48=0,0,BC48/BH48/7) -> 1.2571429 | BC48: 88 | BD48: 0 | BE48: Gemma_wang/Lily_Ye | BF48: 46150 | BG48: 46163 | BH48: 10 | BI48: Intel BT driver roll back to V23.160.0.9 from v24.20.0.3 | BJ48: issue於audio Driver無關，BT Driver secure進版引起，退版後驗證Pass
B49: C38 NB_202605_02 | C49: 2026 | D49: May | E49: C38 NB | F49: Consumer | G49: KLS72 KRK1 | H49: =IFERROR(VLOOKUP(G49,'C38 NB project list'!F:J,2,0),IFERROR(VLOOKUP(G49, 'C38 AIO project list'!E:I,2,0),"")) | J49: =IF(K49<=TODAY(),"Y","N") -> Y | N49: =IF(M49="MP",(TODAY()-I49)/365,"NA") -> NA | O49: =IF(M49="EOP",(TODAY()-K49)/365,"NA") -> NA | P49: =IF(M49="EOS",(TODAY()-L49)/365,"NA") -> NA | Q49: N | R49: Others | S49: 21 | T49: =AJ49+BB49+BS49+CJ49 -> 0.42 | U49: =AK49+BC49+BT49+CK49 -> 20.58 | V49: =AL49+BD49+BU49+CL49 -> 0 | W49: =IF(COUNTA(AC49,AU49,BL49,CC49)=0,"",IF(CC49<>"",CC49,IF(BL49<>"",BL49,IF(AU49<>"",AU49,AC49)))) -> Pending | Y49: =IF(AND(X49<>"", AO49<>""),X49-AO49,0) -> 0 | Z49: 20.6 | AA49: =IF(AK49+BC49+BT49+CK49-Z49>=0,AK49+BC49+BT49+CK49-Z49,0) -> 0 | AB49: New Test | AC49: Pending | AD49: APP | AE49: AI Now | AF49: 0912 | AG49: QTCN33WW + Image 50(25H2 26200.8117) | AH49: Image build | AI49: =HYPERLINK("#'SW sustaining issue list'!B"&ROW('SW sustaining issue list'!B199),"Click Here") -> Click Here | AJ49: =IF(AK49=0,0,AK49/AQ49/7) -> 0.42 | AK49: 20.58 | AL49: 0 | AM49: Sustain | AN49: Lora_Sun/Thomas_cui | AO49: 46149 | AP49: 46157 | AQ49: 7 | AR49: KRK2 CPU refresh
B50: C38 NB_202605_01 | C50: 2026 | D50: May | E50: C38 NB | F50: Consumer | G50: KLS72 KRK1 | H50: =IFERROR(VLOOKUP(G50,'C38 NB project list'!F:J,2,0),IFERROR(VLOOKUP(G50, 'C38 AIO project list'!E:I,2,0),"")) | J50: =IF(K50<=TODAY(),"Y","N") -> Y | N50: =IF(M50="MP",(TODAY()-I50)/365,"NA") -> NA | O50: =IF(M50="EOP",(TODAY()-K50)/365,"NA") -> NA | P50: =IF(M50="EOS",(TODAY()-L50)/365,"NA") -> NA | Q50: N | R50: Others | S50: 21 | T50: =AJ50+BB50+BS50+CJ50 -> 1.1204082 | U50: =AK50+BC50+BT50+CK50 -> 54.9 | V50: =AL50+BD50+BU50+CL50 -> 54.1 | W50: =IF(COUNTA(AC50,AU50,BL50,CC50)=0,"",IF(CC50<>"",CC50,IF(BL50<>"",BL50,IF(AU50<>"",AU50,AC50)))) -> Conditional Pass | Y50: =IF(AND(X50<>"", AO50<>""),X50-AO50,0) -> 0 | Z50: 54.9 | AA50: =IF(AK50+BC50+BT50+CK50-Z50>=0,AK50+BC50+BT50+CK50-Z50,0) -> 0 | AB50: New Test | AC50: Conditional Pass | AD50: BIOS | AE50: IST Driver | AF50: 5.0.2510.1 | AG50: QTCN31WW.KRK2_F04 + Image V47(25H2 26200.7840) QTCN31WW.KRK2_F05 + Image V48(25H2 26200.8117) QTCN33WW + Image V49/50(25H2 26200.8117) | AH50: Image build | AI50: =HYPERLINK("#'SW sustaining issue list'!B"&ROW('SW sustaining issue list'!B198),"Click Here") -> Click Here | AJ50: =IF(AK50=0,0,AK50/AQ50/7) -> 1.1204082 | AK50: 54.9 | AL50: 54.1 | AM50: Sustain | AN50: Lora_Sun/Thomas_cui | AO50: 46149 | AP50: 46157 | AQ50: 7 | AR50: KRK2 CPU refresh
B51: C38 NB_202604_21 | C51: 2026 | D51: Apr | E51: C38 NB | F51: Gaming | G51: KLG10 | H51: =IFERROR(VLOOKUP(G51,'C38 NB project list'!F:J,2,0),IFERROR(VLOOKUP(G51, 'C38 AIO project list'!E:I,2,0),"")) -> L3X0 15" Intel RPL Refresh HX55 + NV GPU | I51: =IFERROR(VLOOKUP(G51,'C38 NB project list'!F:J,4,0),IFERROR(VLOOKUP(G51, 'C38 AIO project list'!E:I,4,0),"")) -> 45795 | J51: =IF(K51<=TODAY(),"Y","N") -> N | K51: =IFERROR(VLOOKUP(G51,'C38 NB project list'!F:J,5,0),IFERROR(VLOOKUP(G51,'C38 AIO project list'!E:I,5,0),"")) -> 46568 | L51: =IF(ISNUMBER(K51),EDATE(K51,60),"") -> 48395 | M51: =IF(COUNT(I51,K51,L51)=0, "", IF(TODAY()<I51,"NPI",IF(TODAY()<K51,"MP",IF(TODAY()<L51,"EOP","EOS")))) -> MP | N51: =IF(M51="MP",(TODAY()-I51)/365,"NA") -> 1.0465753 | O51: =IF(M51="EOP",(TODAY()-#REF!)/365,"NA") -> NA | P51: =IF(M51="EOS",(TODAY()-L51)/365,"NA") -> NA | Q51: N | R51: SIT units | S51: 20 | T51: =AJ51+BB51+BS51+CJ51 -> 2.3714286 | U51: =AK51+BC51+BT51+CK51 -> 166 | V51: =AL51+BD51+BU51+CL51 -> 0 | W51: =IF(COUNTA(AC51,AU51,BL51,CC51)=0,"",IF(CC51<>"",CC51,IF(BL51<>"",BL51,IF(AU51<>"",AU51,AC51)))) -> Pending | Y51: =IF(AND(X51<>"", AO51<>""),X51-AO51,0) -> 0 | Z51: 166 | AA51: =IF(AK51+BC51+BT51+CK51-Z51>=0,AK51+BC51+BT51+CK51-Z51,0) -> 0 | AB51: New Test | AC51: Pending | AD51: VBIOS | AE51: VBIOS | AF51: RTX5050_98.07.27.00.3F RTX5060_98.06.3A.00.8D RTX5070_98.06.5D.00.A5 | AG51: BIOS/EC: R3CN44WW/R3EC44WW Image: V46, OS: 26200.7462 | AH51: Install by manual | AI51: =HYPERLINK("#'SW sustaining issue list'!B"&ROW('SW sustaining issue list'!B3),"Click Here") -> Click Here | AJ51: =IF(AK51=0,0,AK51/AQ51/7) -> 2.3714286 | AK51: 166 | AL51: 0 | AM51: Sustain | AN51: Sustain team: Grace_Zhang/Fancy_Du | AO51: 46127 | AP51: 46142 | AQ51: 10 | AR51: VBIOS update | BS51: =IF(BT51=0,0,BT51/BY51/7) -> 0 | CJ51: =IF(CK51=0,0,CK51/CP51/7) -> 0
B52: C38 NB_202604_20 | C52: 2026 | D52: Apr | E52: C38 NB | F52: Gaming | G52: KLG11 | H52: =IFERROR(VLOOKUP(G52,'C38 NB project list'!F:J,2,0),IFERROR(VLOOKUP(G52, 'C38 AIO project list'!E:I,2,0),"")) -> L3X0 17" Intel RPL Refresh HX55 + NV GPU(HPT1&HPT2) | I52: =IFERROR(VLOOKUP(G52,'C38 NB project list'!F:J,4,0),IFERROR(VLOOKUP(G52, 'C38 AIO project list'!E:I,4,0),"")) -> 45811 | J52: =IF(K52<=TODAY(),"Y","N") -> N | K52: =IFERROR(VLOOKUP(G52,'C38 NB project list'!F:J,5,0),IFERROR(VLOOKUP(G52,'C38 AIO project list'!E:I,5,0),"")) -> 46568 | L52: =IF(ISNUMBER(K52),EDATE(K52,60),"") -> 48395 | M52: =IF(COUNT(I52,K52,L52)=0, "", IF(TODAY()<I52,"NPI",IF(TODAY()<K52,"MP",IF(TODAY()<L52,"EOP","EOS")))) -> MP | N52: =IF(M52="MP",(TODAY()-I52)/365,"NA") -> 1.0027397 | O52: =IF(M52="EOP",(TODAY()-#REF!)/365,"NA") -> NA | P52: =IF(M52="EOS",(TODAY()-L52)/365,"NA") -> NA | Q52: N | R52: SIT units | S52: 15 | T52: =AJ52+BB52+BS52+CJ52 -> 2.3 | U52: =AK52+BC52+BT52+CK52 -> 161 | V52: =AL52+BD52+BU52+CL52 -> 0 | W52: =IF(COUNTA(AC52,AU52,BL52,CC52)=0,"",IF(CC52<>"",CC52,IF(BL52<>"",BL52,IF(AU52<>"",AU52,AC52)))) -> Pending | Y52: =IF(AND(X52<>"", AO52<>""),X52-AO52,0) -> 0 | Z52: 161 | AA52: =IF(AK52+BC52+BT52+CK52-Z52>=0,AK52+BC52+BT52+CK52-Z52,0) -> 0 | AB52: New Test | AC52: Pending | AD52: VBIOS | AE52: VBIOS | AF52: RTX5050_98.07.27.00.41 RTX5060_98.06.3A.00.8F RTX5070_98.06.5D.00.A4 | AG52: BIOS/EC: R3CN44WW/R3EC44WW Image: V46, OS: 26200.7462 | AH52: Install by manual | AI52: =HYPERLINK("#'SW sustaining issue list'!B"&ROW('SW sustaining issue list'!B31),"Click Here") -> Click Here | AJ52: =IF(AK52=0,0,AK52/AQ52/7) -> 2.3 | AK52: 161 | AL52: 0 | AM52: Sustain | AN52: Sustain team: Grace_Zhang/Fancy_Du | AO52: 46127 | AP52: 46142 | AQ52: 10 | AR52: VBIOS update | BS52: =IF(BT52=0,0,BT52/BY52/7) -> 0 | CJ52: =IF(CK52=0,0,CK52/CP52/7) -> 0
B53: C38 NB_202604_19 | C53: 2026 | D53: Apr | E53: C38 NB | F53: Gaming | G53: KLG20 | H53: =IFERROR(VLOOKUP(G53,'C38 NB project list'!F:J,2,0),IFERROR(VLOOKUP(G53, 'C38 AIO project list'!E:I,2,0),"")) -> L3X0 15" AMD Hawk Point Refresh H45 + NV GPU | I53: =IFERROR(VLOOKUP(G53,'C38 NB project list'!F:J,4,0),IFERROR(VLOOKUP(G53, 'C38 AIO project list'!E:I,4,0),"")) -> 45799 | J53: =IF(K53<=TODAY(),"Y","N") -> N | K53: =IFERROR(VLOOKUP(G53,'C38 NB project list'!F:J,5,0),IFERROR(VLOOKUP(G53,'C38 AIO project list'!E:I,5,0),"")) -> 46568 | L53: =IF(ISNUMBER(K53),EDATE(K53,60),"") -> 48395 | M53: =IF(COUNT(I53,K53,L53)=0, "", IF(TODAY()<I53,"NPI",IF(TODAY()<K53,"MP",IF(TODAY()<L53,"EOP","EOS")))) -> MP | N53: =IF(M53="MP",(TODAY()-I53)/365,"NA") -> 1.0356164 | O53: =IF(M53="EOP",(TODAY()-#REF!)/365,"NA") -> NA | P53: =IF(M53="EOS",(TODAY()-L53)/365,"NA") -> NA | Q53: N | R53: SIT units | S53: 15 | T53: =AJ53+BB53+BS53+CJ53 -> 2.4428571 | U53: =AK53+BC53+BT53+CK53 -> 171 | V53: =AL53+BD53+BU53+CL53 -> 0 | W53: =IF(COUNTA(AC53,AU53,BL53,CC53)=0,"",IF(CC53<>"",CC53,IF(BL53<>"",BL53,IF(AU53<>"",AU53,AC53)))) -> Pending | Y53: =IF(AND(X53<>"", AO53<>""),X53-AO53,0) -> 0 | Z53: 171 | AA53: =IF(AK53+BC53+BT53+CK53-Z53>=0,AK53+BC53+BT53+CK53-Z53,0) -> 0 | AB53: New Test | AC53: Pending | AD53: VBIOS | AE53: VBIOS | AF53: RTX5050_98.07.22.00.A9 RTX5060_98.06.39.C0.65 RTX5070_98.06.39.C0.64 | AG53: BIOS/EC: R8CN25WW/R8EC25WW Image: V39, OS: 26200.6899 | AH53: Install by manual | AI53: =HYPERLINK("#'SW sustaining issue list'!B"&ROW('SW sustaining issue list'!B42),"Click Here") -> Click Here | AJ53: =IF(AK53=0,0,AK53/AQ53/7) -> 2.4428571 | AK53: 171 | AL53: 0 | AM53: Sustain | AN53: Sustain team: Grace_Zhang/Gerry_Xu | AO53: 46127 | AP53: 46142 | AQ53: 10 | AR53: VBIOS update | BS53: =IF(BT53=0,0,BT53/BY53/7) -> 0 | CJ53: =IF(CK53=0,0,CK53/CP53/7) -> 0
B54: C38 NB_202604_18 | C54: 2026 | D54: Apr | E54: C38 NB | F54: Gaming | G54: KLG20 | H54: =IFERROR(VLOOKUP(G54,'C38 NB project list'!F:J,2,0),IFERROR(VLOOKUP(G54, 'C38 AIO project list'!E:I,2,0),"")) -> L3X0 15" AMD Hawk Point Refresh H45 + NV GPU | I54: =IFERROR(VLOOKUP(G54,'C38 NB project list'!F:J,4,0),IFERROR(VLOOKUP(G54, 'C38 AIO project list'!E:I,4,0),"")) -> 45799 | J54: =IF(K54<=TODAY(),"Y","N") -> N | K54: =IFERROR(VLOOKUP(G54,'C38 NB project list'!F:J,5,0),IFERROR(VLOOKUP(G54,'C38 AIO project list'!E:I,5,0),"")) -> 46568 | L54: =IF(ISNUMBER(K54),EDATE(K54,60),"") -> 48395 | M54: =IF(COUNT(I54,K54,L54)=0, "", IF(TODAY()<I54,"NPI",IF(TODAY()<K54,"MP",IF(TODAY()<L54,"EOP","EOS")))) -> MP | N54: =IF(M54="MP",(TODAY()-I54)/365,"NA") -> 1.0356164 | O54: =IF(M54="EOP",(TODAY()-#REF!)/365,"NA") -> NA | P54: =IF(M54="EOS",(TODAY()-L54)/365,"NA") -> NA | Q54: N | R54: SIT units | S54: 20 | T54: =AJ54+BB54+BS54+CJ54 -> 2.0285714 | U54: =AK54+BC54+BT54+CK54 -> 142 | V54: =AL54+BD54+BU54+CL54 -> 0 | W54: =IF(COUNTA(AC54,AU54,BL54,CC54)=0,"",IF(CC54<>"",CC54,IF(BL54<>"",BL54,IF(AU54<>"",AU54,AC54)))) -> Pending | Y54: =IF(AND(X54<>"", AO54<>""),X54-AO54,0) -> 0 | Z54: 142 | AA54: =IF(AK54+BC54+BT54+CK54-Z54>=0,AK54+BC54+BT54+CK54-Z54,0) -> 0 | AB54: New Test | AC54: Pending | AD54: VBIOS | AE54: VBIOS | AF54: RTX5050_98.07.22.00.A9 RTX5060_98.06.39.C0.65 | AG54: BIOS/EC: R8CN25WW/R8EC25WW Image: V39, OS: 26200.6899 | AH54: Install by manual | AI54: =HYPERLINK("#'SW sustaining issue list'!B"&ROW('SW sustaining issue list'!B42),"Click Here") -> Click Here | AJ54: =IF(AK54=0,0,AK54/AQ54/7) -> 2.0285714 | AK54: 142 | AL54: 0 | AM54: Sustain | AN54: Sustain team: Grace_Zhang/Gerry_Xu | AO54: 46127 | AP54: 46142 | AQ54: 10 | AR54: VBIOS update | BS54: =IF(BT54=0,0,BT54/BY54/7) -> 0 | CJ54: =IF(CK54=0,0,CK54/CP54/7) -> 0
B55: C38 NB_202604_17 | C55: 2026 | D55: Apr | E55: C38 NB | F55: Consumer | G55: KLS71 | H55: =IFERROR(VLOOKUP(G55,'C38 NB project list'!F:J,2,0),IFERROR(VLOOKUP(G55, 'C38 AIO project list'!E:I,2,0),"")) -> Slim 7 14" Intel Lunar Lake | I55: =IFERROR(VLOOKUP(G55,'C38 NB project list'!F:J,4,0),IFERROR(VLOOKUP(G55, 'C38 AIO project list'!E:I,4,0),"")) -> 45674 | J55: =IF(K55<=TODAY(),"Y","N") -> N | K55: =IFERROR(VLOOKUP(G55,'C38 NB project list'!F:J,5,0),IFERROR(VLOOKUP(G55,'C38 AIO project list'!E:I,5,0),"")) -> 46477 | L55: =IF(ISNUMBER(K55),EDATE(K55,60),"") -> 48304 | M55: =IF(COUNT(I55,K55,L55)=0, "", IF(TODAY()<I55,"NPI",IF(TODAY()<K55,"MP",IF(TODAY()<L55,"EOP","EOS")))) -> MP | N55: =IF(M55="MP",(TODAY()-I55)/365,"NA") -> 1.3780822 | O55: =IF(M55="EOP",(TODAY()-K55)/365,"NA") -> NA | P55: =IF(M55="EOS",(TODAY()-L55)/365,"NA") -> NA | R55: SIT units | S55: 35 | T55: =AJ55+BB55+BS55+CJ55 -> 2.9666667 | U55: =AK55+BC55+BT55+CK55 -> 147 | V55: =AL55+BD55+BU55+CL55 -> 0 | W55: =IF(COUNTA(AC55,AU55,BL55,CC55)=0,"",IF(CC55<>"",CC55,IF(BL55<>"",BL55,IF(AU55<>"",AU55,AC55)))) -> Pass | Y55: =IF(AND(X55<>"", AO55<>""),X55-AO55,0) -> 0 | Z55: 121 | AA55: =IF(AK55+BC55+BT55+CK55-Z55>=0,AK55+BC55+BT55+CK55-Z55,0) -> 26 | AB55: New Test | AC55: Fail | AD55: BIOS | AE55: BIOS | AF55: QSCN35WW | AG55: QSCN35WW+V73(25H2 26200.6899) | AI55: =HYPERLINK("#'SW sustaining issue list'!B"&ROW('SW sustaining issue list'!B165),"Click Here") -> Click Here | AJ55: =IF(AK55=0,0,AK55/AQ55/7) -> 1.2380952 | AK55: 26 | AL55: 0 | AM55: Sustain | AN55: Gemma_wang/Lily_Ye | AO55: 46133 | AP55: 46135 | AQ55: 3 | AR55: IPU2 Security BIOS update | AT55: Regression1 | AU55: Pass | AV55: BIOS | AW55: BIOS | AX55: QSCN35WW | AY55: QSCN35WW+V73(25H2 26200.6899) | BA55: =HYPERLINK("#'SW sustaining issue list'!B"&ROW('SW sustaining issue list'!B165),"Click Here") -> Click Here | BB55: =IF(BC55=0,0,BC55/BH55/7) -> 1.7285714 | BC55: 121 | BD55: 0 | BE55: Gemma_wang/Lily_Ye | BF55: 46140 | BG55: 46155 | BH55: 10 | BI55: 1. Fix Units show NOVO Menu after doing Crisis BIOS. | BJ55: 2nd release, BIOS 版號不變 | BS55: =IF(BT55=0,0,BT55/BY55/7) -> 0 | CJ55: =IF(CK55=0,0,CK55/CP55/7) -> 0
B56: C38 NB_202604_16 | C56: 2026 | D56: Apr | E56: C38 NB | F56: Gaming | G56: ILG50/ILG52 | H56: =IFERROR(VLOOKUP(G56,'C38 NB project list'!F:J,2,0),IFERROR(VLOOKUP(G56, 'C38 AIO project list'!E:I,2,0),"")) | I56: =IFERROR(VLOOKUP(G56,'C38 NB project list'!F:J,4,0),IFERROR(VLOOKUP(G56, 'C38 AIO project list'!E:I,4,0),"")) | J56: =IF(K56<=TODAY(),"Y","N") -> N | K56: =IFERROR(VLOOKUP(G56,'C38 NB project list'!F:J,5,0),IFERROR(VLOOKUP(G56,'C38 AIO project list'!E:I,5,0),"")) | L56: =IF(ISNUMBER(K56),EDATE(K56,60),"") | M56: =IF(COUNT(I56,K56,L56)=0, "", IF(TODAY()<I56,"NPI",IF(TODAY()<K56,"MP",IF(TODAY()<L56,"EOP","EOS")))) | N56: =IF(M56="MP",(TODAY()-I56)/365,"NA") -> NA | O56: =IF(M56="EOP",(TODAY()-K56)/365,"NA") -> NA | P56: =IF(M56="EOS",(TODAY()-L56)/365,"NA") -> NA | Q56: ILG50/ILG52 | R56: RD units | S56: 4 | T56: =AJ56+BB56+BS56+CJ56 -> 2.0178571 | U56: =AK56+BC56+BT56+CK56 -> 77 | V56: =AL56+BD56+BU56+CL56 -> 16 | W56: =IF(COUNTA(AC56,AU56,BL56,CC56)=0,"",IF(CC56<>"",CC56,IF(BL56<>"",BL56,IF(AU56<>"",AU56,AC56)))) -> Conditional Pass | Y56: =IF(AND(X56<>"", AO56<>""),X56-AO56,0) -> 0 | Z56: 53 | AA56: =IF(AK56+BC56+BT56+CK56-Z56>=0,AK56+BC56+BT56+CK56-Z56,0) -> 24 | AB56: New Test | AC56: Fail | AD56: BIOS | AE56: BIOS | AF56: LYCN49WW | AG56: LYCN49WW+V55(22H2 22621.2215) | AI56: =HYPERLINK("#'SW sustaining issue list'!B"&ROW('SW sustaining issue list'!B162),"Click Here") -> Click Here | AJ56: =IF(AK56=0,0,AK56/AQ56/7) -> 1.2857143 | AK56: 36 | AL56: 16 | AM56: Sustain | AN56: Gemma_wang/Helen_Meng | AO56: 46128 | AP56: 46133 | AQ56: 4 | AR56: IPU2 Security BIOS update | AT56: Regression1 | AU56: Conditional Pass | AV56: BIOS | AW56: BIOS | AX56: LYCN49WW | AY56: LYCN49WW+V55(22H2 22621.2215) | BA56: =HYPERLINK("#'SW sustaining issue list'!B"&ROW('SW sustaining issue list'!U162),"Click Here") -> Click Here | BB56: =IF(BC56=0,0,BC56/BH56/7) -> 0.73214286 | BC56: 41 | BD56: 0 | BE56: Gemma_wang/Helen_Meng | BF56: 46139 | BG56: 46150 | BH56: 8 | BI56: Revert power button function to original code base to support 22H2 OS, fix power button cannot enter MS/S4/S5 issue | BJ56: 2nd release, BIOS 版號不變 | BS56: =IF(BT56=0,0,BT56/BY56/7) -> 0 | CJ56: =IF(CK56=0,0,CK56/CP56/7) -> 0
B57: C38 NB_202604_15 | C57: 2026 | D57: Apr | E57: C38 NB | F57: Gaming | G57: ILYE0 | H57: =IFERROR(VLOOKUP(G57,'C38 NB project list'!F:J,2,0),IFERROR(VLOOKUP(G57, 'C38 AIO project list'!E:I,2,0),"")) -> Y580S-16 AMD Phoenix-H GN20-P0-R, GN21-X2/X4/X6 | I57: =IFERROR(VLOOKUP(G57,'C38 NB project list'!F:J,4,0),IFERROR(VLOOKUP(G57, 'C38 AIO project list'!E:I,4,0),"")) -> 45046 | J57: =IF(K57<=TODAY(),"Y","N") -> Y | K57: =IFERROR(VLOOKUP(G57,'C38 NB project list'!F:J,5,0),IFERROR(VLOOKUP(G57,'C38 AIO project list'!E:I,5,0),"")) -> 45504 | L57: =IF(ISNUMBER(K57),EDATE(K57,60),"") -> 47330 | M57: =IF(COUNT(I57,K57,L57)=0, "", IF(TODAY()<I57,"NPI",IF(TODAY()<K57,"MP",IF(TODAY()<L57,"EOP","EOS")))) -> EOP | N57: =IF(M57="MP",(TODAY()-I57)/365,"NA") -> NA | O57: =IF(M57="EOP",(TODAY()-K57)/365,"NA") -> 1.8438356 | P57: =IF(M57="EOS",(TODAY()-L57)/365,"NA") -> NA | R57: RD units | S57: 5 | T57: =AJ57+BB57+BS57+CJ57 -> 3.0714286 | U57: =AK57+BC57+BT57+CK57 -> 120 | V57: =AL57+BD57+BU57+CL57 -> 0 | W57: =IF(COUNTA(AC57,AU57,BL57,CC57)=0,"",IF(CC57<>"",CC57,IF(BL57<>"",BL57,IF(AU57<>"",AU57,AC57)))) -> Conditional Pass | Y57: =IF(AND(X57<>"", AO57<>""),X57-AO57,0) -> 0 | Z57: 76 | AA57: =IF(AK57+BC57+BT57+CK57-Z57>=0,AK57+BC57+BT57+CK57-Z57,0) -> 44 | AB57: New Test | AC57: Fail | AD57: BIOS | AE57: BIOS | AF57: M3CN50WW | AG57: M3CN50WW+V46(22H2 22621.2215) | AI57: =HYPERLINK("#'SW sustaining issue list'!B"&ROW('SW sustaining issue list'!B159),"Click Here") -> Click Here | AJ57: =IF(AK57=0,0,AK57/AQ57/7) -> 1.8571429 | AK57: 52 | AL57: 0 | AM57: Sustain | AN57: Gemma_wang/Jared_tong | AO57: 46128 | AP57: 46133 | AQ57: 4 | AR57: IPU2 Security BIOS update | AT57: Regression1 | AU57: Conditional Pass | AV57: BIOS | AW57: BIOS | AX57: M3CN50WW | AY57: M3CN50WW+V46(22H2 22621.2215) | BA57: =HYPERLINK("#'SW sustaining issue list'!B"&ROW('SW sustaining issue list'!B159),"Click Here") -> Click Here | BB57: =IF(BC57=0,0,BC57/BH57/7) -> 1.2142857 | BC57: 68 | BD57: 0 | BE57: Gemma_wang/Helen_Meng | BF57: 46139 | BG57: 46150 | BH57: 8 | BI57: Revert power button function to original code base to support 22H2 OS, fix power button cannot enter MS/S4/S5 issue | BJ57: 2nd release, BIOS 版號不變 | BS57: =IF(BT57=0,0,BT57/BY57/7) -> 0 | CJ57: =IF(CK57=0,0,CK57/CP57/7) -> 0
B58: C38 NB_202604_14 | C58: 2026 | D58: Apr | E58: C38 NB | F58: Gaming | G58: JLY20 | H58: =IFERROR(VLOOKUP(G58,'C38 NB project list'!F:J,2,0),IFERROR(VLOOKUP(G58, 'C38 AIO project list'!E:I,2,0),"")) -> Y590s 16" AMD Hawk Point H45 + NV GPU +OOC*25 | I58: =IFERROR(VLOOKUP(G58,'C38 NB project list'!F:J,4,0),IFERROR(VLOOKUP(G58, 'C38 AIO project list'!E:I,4,0),"")) -> 45309 | J58: =IF(K58<=TODAY(),"Y","N") -> Y | K58: =IFERROR(VLOOKUP(G58,'C38 NB project list'!F:J,5,0),IFERROR(VLOOKUP(G58,'C38 AIO project list'!E:I,5,0),"")) -> 45930 | L58: =IF(ISNUMBER(K58),EDATE(K58,60),"") -> 47756 | M58: =IF(COUNT(I58,K58,L58)=0, "", IF(TODAY()<I58,"NPI",IF(TODAY()<K58,"MP",IF(TODAY()<L58,"EOP","EOS")))) -> EOP | N58: =IF(M58="MP",(TODAY()-I58)/365,"NA") -> NA | O58: =IF(M58="EOP",(TODAY()-K58)/365,"NA") -> 0.67671233 | P58: =IF(M58="EOS",(TODAY()-L58)/365,"NA") -> NA | Q58: N | R58: RD units | S58: 10 | T58: =AJ58+BB58+BS58+CJ58 -> 2.2857143 | U58: =AK58+BC58+BT58+CK58 -> 128 | V58: =AL58+BD58+BU58+CL58 -> 0 | W58: =IF(COUNTA(AC58,AU58,BL58,CC58)=0,"",IF(CC58<>"",CC58,IF(BL58<>"",BL58,IF(AU58<>"",AU58,AC58)))) -> Conditional Pass | Y58: =IF(AND(X58<>"", AO58<>""),X58-AO58,0) -> 0 | Z58: 128 | AA58: =IF(AK58+BC58+BT58+CK58-Z58>=0,AK58+BC58+BT58+CK58-Z58,0) -> 0 | AB58: New Test | AC58: Conditional Pass | AD58: BIOS | AE58: BIOS | AF58: NRCN27WW | AG58: BIOS: NRCN27WW, Image: V68, OS: 26100.3323 | AH58: Image build | AI58: =HYPERLINK("#'SW sustaining issue list'!B"&ROW('SW sustaining issue list'!B91),"Click Here") -> Click Here | AJ58: =IF(AK58=0,0,AK58/AQ58/7) -> 2.2857143 | AK58: 128 | AL58: 0 | AM58: Sustain | AN58: Sustain team: Grace_Zhang/Neil_Zhao | AO58: 46129 | AP58: 46141 | AQ58: 8 | AR58: IPU2 Security BIOS update | BS58: =IF(BT58=0,0,BT58/BY58/7) -> 0 | CJ58: =IF(CK58=0,0,CK58/CP58/7) -> 0
B59: C38 NB_202604_13 | C59: 2026 | D59: May | E59: C38 NB | F59: Gaming | G59: JLG50 | H59: =IFERROR(VLOOKUP(G59,'C38 NB project list'!F:J,2,0),IFERROR(VLOOKUP(G59, 'C38 AIO project list'!E:I,2,0),"")) -> L390 AMD HPT2 CPU refresh | I59: =IFERROR(VLOOKUP(G59,'C38 NB project list'!F:J,4,0),IFERROR(VLOOKUP(G59, 'C38 AIO project list'!E:I,4,0),"")) -> 46101 | J59: =IF(K59<=TODAY(),"Y","N") -> N | K59: =IFERROR(VLOOKUP(G59,'C38 NB project list'!F:J,5,0),IFERROR(VLOOKUP(G59,'C38 AIO project list'!E:I,5,0),"")) -> 46752 | L59: =IF(ISNUMBER(K59),EDATE(K59,60),"") -> 48579 | M59: =IF(COUNT(I59,K59,L59)=0, "", IF(TODAY()<I59,"NPI",IF(TODAY()<K59,"MP",IF(TODAY()<L59,"EOP","EOS")))) -> MP | N59: =IF(M59="MP",(TODAY()-I59)/365,"NA") -> 0.20821918 | O59: =IF(M59="EOP",(TODAY()-K59)/365,"NA") -> NA | P59: =IF(M59="EOS",(TODAY()-L59)/365,"NA") -> NA | Q59: HPT1&HPT2 | R59: SIT units | S59: 40 | T59: =AJ59+BB59+BS59+CJ59 -> 2.9714286 | U59: =AK59+BC59+BT59+CK59 -> 208 | V59: =AL59+BD59+BU59+CL59 -> 16 | W59: =IF(COUNTA(AC59,AU59,BL59,CC59)=0,"",IF(CC59<>"",CC59,IF(BL59<>"",BL59,IF(AU59<>"",AU59,AC59)))) -> Conditional Pass | Y59: =IF(AND(X59<>"", AO59<>""),X59-AO59,0) -> 0 | Z59: 208 | AA59: =IF(AK59+BC59+BT59+CK59-Z59>=0,AK59+BC59+BT59+CK59-Z59,0) -> 0 | AB59: New Test | AC59: Conditional Pass | AD59: BIOS | AE59: BIOS | AF59: NZCN38WW | AG59: NZCN38WW+V59 | AH59: Image build | AI59: =HYPERLINK("#'SW sustaining issue list'!B"&ROW('SW sustaining issue list'!B188),"Click Here") -> Click Here | AJ59: =IF(AK59=0,0,AK59/AQ59/7) -> 2.9714286 | AK59: 208 | AL59: 16 | AM59: Sustain | AN59: Sustain team: Grace_Zhang/Gerry_Xu | AO59: 46147 | AP59: 46162 | AQ59: 10 | AR59: IPU2 Security BIOS update | BB59: =IF(BC59=0,0,BC59/BH59/7) -> 0 | BS59: =IF(BT59=0,0,BT59/BY59/7) -> 0 | CJ59: =IF(CK59=0,0,CK59/CP59/7) -> 0
B60: C38 NB_202604_12 | C60: 2026 | D60: May | E60: C38 NB | F60: Gaming | G60: JLY2R | H60: =IFERROR(VLOOKUP(G60,'C38 NB project list'!F:J,2,0),IFERROR(VLOOKUP(G60, 'C38 AIO project list'!E:I,2,0),"")) -> Y590s 16" AMD Rembrandt+ H45 + NV GPU | I60: =IFERROR(VLOOKUP(G60,'C38 NB project list'!F:J,4,0),IFERROR(VLOOKUP(G60, 'C38 AIO project list'!E:I,4,0),"")) -> 45377 | J60: =IF(K60<=TODAY(),"Y","N") -> Y | K60: =IFERROR(VLOOKUP(G60,'C38 NB project list'!F:J,5,0),IFERROR(VLOOKUP(G60,'C38 AIO project list'!E:I,5,0),"")) -> 45869 | L60: =IF(ISNUMBER(K60),EDATE(K60,60),"") -> 47695 | M60: =IF(COUNT(I60,K60,L60)=0, "", IF(TODAY()<I60,"NPI",IF(TODAY()<K60,"MP",IF(TODAY()<L60,"EOP","EOS")))) -> EOP | N60: =IF(M60="MP",(TODAY()-I60)/365,"NA") -> NA | O60: =IF(M60="EOP",(TODAY()-K60)/365,"NA") -> 0.84383562 | P60: =IF(M60="EOS",(TODAY()-L60)/365,"NA") -> NA | R60: RD units | S60: 5 | T60: =AJ60+BB60+BS60+CJ60 -> 1.0714286 | U60: =AK60+BC60+BT60+CK60 -> 75 | V60: =AL60+BD60+BU60+CL60 -> 0 | W60: =IF(COUNTA(AC60,AU60,BL60,CC60)=0,"",IF(CC60<>"",CC60,IF(BL60<>"",BL60,IF(AU60<>"",AU60,AC60)))) -> Pending | Y60: =IF(AND(X60<>"", AO60<>""),X60-AO60,0) -> 0 | Z60: 75 | AA60: =IF(AK60+BC60+BT60+CK60-Z60>=0,AK60+BC60+BT60+CK60-Z60,0) -> 0 | AB60: New Test | AC60: Pending | AD60: BIOS | AE60: BIOS | AF60: NUCN18WW | AG60: BIOS V18 + Image V51 | AJ60: =IF(AK60=0,0,AK60/AQ60/7) -> 1.0714286 | AK60: 75 | AL60: 0 | AM60: Sustain | AN60: Lora_Sun/Vera_Xu | AO60: 46155 | AP60: 46168 | AQ60: 10 | AR60: IPU2 Security BIOS update | BB60: =IF(BC60=0,0,BC60/BH60/7) -> 0 | BS60: =IF(BT60=0,0,BT60/BY60/7) -> 0 | CJ60: =IF(CK60=0,0,CK60/CP60/7) -> 0
B61: C38 NB_202604_10 | C61: 2026 | D61: Apr | E61: C38 NB | F61: Consumer | G61: KLS72 KRK1 | H61: =IFERROR(VLOOKUP(G61,'C38 NB project list'!F:J,2,0),IFERROR(VLOOKUP(G61, 'C38 AIO project list'!E:I,2,0),"")) | I61: =IFERROR(VLOOKUP(G61,'C38 NB project list'!F:J,4,0),IFERROR(VLOOKUP(G61, 'C38 AIO project list'!E:I,4,0),"")) | J61: =IF(K61<=TODAY(),"Y","N") -> N | K61: =IFERROR(VLOOKUP(G61,'C38 NB project list'!F:J,5,0),IFERROR(VLOOKUP(G61,'C38 AIO project list'!E:I,5,0),"")) | L61: =IF(ISNUMBER(K61),EDATE(K61,60),"") | M61: =IF(COUNT(I61,K61,L61)=0, "", IF(TODAY()<I61,"NPI",IF(TODAY()<K61,"MP",IF(TODAY()<L61,"EOP","EOS")))) | N61: =IF(M61="MP",(TODAY()-I61)/365,"NA") -> NA | O61: =IF(M61="EOP",(TODAY()-K61)/365,"NA") -> NA | P61: =IF(M61="EOS",(TODAY()-L61)/365,"NA") -> NA | Q61: N | R61: RD units | S61: 21 | T61: =AJ61+BB61+BS61+CJ61 -> 3.0997732 | U61: =AK61+BC61+BT61+CK61 -> 175 | V61: =AL61+BD61+BU61+CL61 -> 0 | W61: =IF(COUNTA(AC61,AU61,BL61,CC61)=0,"",IF(CC61<>"",CC61,IF(BL61<>"",BL61,IF(AU61<>"",AU61,AC61)))) -> Conditional Pass | Y61: =IF(AND(X61<>"", AO61<>""),X61-AO61,0) -> 0 | Z61: 104 | AA61: =IF(AK61+BC61+BT61+CK61-Z61>=0,AK61+BC61+BT61+CK61-Z61,0) -> 71 | AB61: New Test | AC61: Fail | AD61: BIOS | AE61: BIOS | AF61: QTCN31WW | AG61: QTCN31WW + V43(25H2 26200.6899) | AI61: =HYPERLINK("#'SW sustaining issue list'!B"&ROW('SW sustaining issue list'!B144),"Click Here") -> Click Here | AJ61: =IF(AK61=0,0,AK61/AQ61/7) -> 1.4489796 | AK61: 71 | AM61: Sustain | AN61: Lora_Sun/ Katherine_Cao | AO61: 46128 | AP61: 46136 | AQ61: 7 | AR61: IPU2 Security BIOS update | AT61: Regression1 | AU61: Conditional Pass | AV61: BIOS | AW61: BIOS | AX61: QTCN33WW | AY61: QTCN31WW + V49/V50(25H2 26200.6899) | BA61: =HYPERLINK("#'SW sustaining issue list'!B"&ROW('SW sustaining issue list'!U172),"Click Here") -> Click Here | BB61: =IF(BC61=0,0,BC61/BH61/7) -> 1.6507937 | BC61: 104 | BD61: 0 | BE61: Lora_Sun/ Katherine_Cao/Thomas_Cui | BF61: 46139 | BG61: 46153 | BH61: 9 | BI61: 1. Revert PI version to StrixKrackan PI 1.1.0.2d (05.61.25.0007). | BJ61: 原本PI code change有些option item RD 評估也是需要測試 full test時間是150，，但是現在PI code還原，所以只測了must item，時間是104 | BS61: =IF(BT61=0,0,BT61/BY61/7) -> 0 | CJ61: =IF(CK61=0,0,CK61/CP61/7) -> 0
B62: C38 NB_202604_09 | C62: 2026 | D62: Apr | E62: C38 NB | F62: Gaming | G62: KLG20 | H62: =IFERROR(VLOOKUP(G62,'C38 NB project list'!F:J,2,0),IFERROR(VLOOKUP(G62, 'C38 AIO project list'!E:I,2,0),"")) -> L3X0 15" AMD Hawk Point Refresh H45 + NV GPU | I62: =IFERROR(VLOOKUP(G62,'C38 NB project list'!F:J,4,0),IFERROR(VLOOKUP(G62, 'C38 AIO project list'!E:I,4,0),"")) -> 45799 | J62: =IF(K62<=TODAY(),"Y","N") -> N | K62: =IFERROR(VLOOKUP(G62,'C38 NB project list'!F:J,5,0),IFERROR(VLOOKUP(G62,'C38 AIO project list'!E:I,5,0),"")) -> 46568 | L62: =IF(ISNUMBER(K62),EDATE(K62,60),"") -> 48395 | M62: =IF(COUNT(I62,K62,L62)=0, "", IF(TODAY()<I62,"NPI",IF(TODAY()<K62,"MP",IF(TODAY()<L62,"EOP","EOS")))) -> MP | N62: =IF(M62="MP",(TODAY()-I62)/365,"NA") -> 1.0356164 | O62: =IF(M62="EOP",(TODAY()-K62)/365,"NA") -> NA | P62: =IF(M62="EOS",(TODAY()-L62)/365,"NA") -> NA | Q62: HPT1&HPT2 | R62: SIT units | S62: 30 | T62: =AJ62+BB62+BS62+CJ62 -> 1.9857143 | U62: =AK62+BC62+BT62+CK62 -> 139 | V62: =AL62+BD62+BU62+CL62 -> 12 | W62: =IF(COUNTA(AC62,AU62,BL62,CC62)=0,"",IF(CC62<>"",CC62,IF(BL62<>"",BL62,IF(AU62<>"",AU62,AC62)))) -> Pending | Y62: =IF(AND(X62<>"", AO62<>""),X62-AO62,0) -> 0 | Z62: 139 | AA62: =IF(AK62+BC62+BT62+CK62-Z62>=0,AK62+BC62+BT62+CK62-Z62,0) -> 0 | AB62: New Test | AC62: Pending | AD62: BIOS | AE62: BIOS | AF62: R8CN26WW | AG62: BIOS: R8CN26WW, Image:V39, OS: 26200.6899 | AH62: Image build | AI62: =HYPERLINK("#'SW sustaining issue list'!B"&ROW('SW sustaining issue list'!B76),"Click Here") -> Click Here | AJ62: =IF(AK62=0,0,AK62/AQ62/7) -> 1.9857143 | AK62: 139 | AL62: 12 | AM62: Sustain | AN62: Sustain team: Grace_Zhang /Garden_Jiang | AO62: 46127 | AP62: 46140 | AQ62: 10 | AR62: IPU2 Security BIOS update | BS62: =IF(BT62=0,0,BT62/BY62/7) -> 0 | CJ62: =IF(CK62=0,0,CK62/CP62/7) -> 0
B63: C38 NB_202604_08 | C63: 2026 | D63: Apr | E63: C38 NB | F63: Consumer | G63: HLS1C/HLS1D | H63: =IFERROR(VLOOKUP(G63,'C38 NB project list'!F:J,2,0),IFERROR(VLOOKUP(G63, 'C38 AIO project list'!E:I,2,0),"")) | I63: =IFERROR(VLOOKUP(G63,'C38 NB project list'!F:J,4,0),IFERROR(VLOOKUP(G63, 'C38 AIO project list'!E:I,4,0),"")) | J63: =IF(K63<=TODAY(),"Y","N") -> N | K63: =IFERROR(VLOOKUP(G63,'C38 NB project list'!F:J,5,0),IFERROR(VLOOKUP(G63,'C38 AIO project list'!E:I,5,0),"")) | L63: =IF(ISNUMBER(K63),EDATE(K63,60),"") | M63: =IF(COUNT(I63,K63,L63)=0, "", IF(TODAY()<I63,"NPI",IF(TODAY()<K63,"MP",IF(TODAY()<L63,"EOP","EOS")))) | N63: =IF(M63="MP",(TODAY()-I63)/365,"NA") -> NA | O63: =IF(M63="EOP",(TODAY()-K63)/365,"NA") -> NA | P63: =IF(M63="EOS",(TODAY()-L63)/365,"NA") -> NA | Q63: HLS1C/HLS1D | R63: SIT units | S63: 26 | T63: =AJ63+BB63+BS63+CJ63 -> 1.3571429 | U63: =AK63+BC63+BT63+CK63 -> 95 | V63: =AL63+BD63+BU63+CL63 -> 0 | W63: =IF(COUNTA(AC63,AU63,BL63,CC63)=0,"",IF(CC63<>"",CC63,IF(BL63<>"",BL63,IF(AU63<>"",AU63,AC63)))) -> Conditional Pass | Y63: =IF(AND(X63<>"", AO63<>""),X63-AO63,0) -> 0 | Z63: 95 | AA63: =IF(AK63+BC63+BT63+CK63-Z63>=0,AK63+BC63+BT63+CK63-Z63,0) -> 0 | AB63: New Test | AC63: Conditional Pass | AD63: BIOS | AE63: BIOS | AF63: KSCN44WW | AG63: KSCN44WW+V64(25H2 26200.6899) | AI63: =HYPERLINK("#'SW sustaining issue list'!B"&ROW('SW sustaining issue list'!B146),"Click Here") -> Click Here | AJ63: =IF(AK63=0,0,AK63/AQ63/7) -> 1.3571429 | AK63: 95 | AL63: 0 | AM63: Sustain | AN63: Lora_Sun/Carden_Jiang | AO63: 46125 | AP63: 46136 | AQ63: 10 | AR63: IPU2 Security BIOS update | BB63: =IF(BC63=0,0,BC63/BH63/7) -> 0 | BS63: =IF(BT63=0,0,BT63/BY63/7) -> 0 | CJ63: =IF(CK63=0,0,CK63/CP63/7) -> 0
B64: C38 NB_202604_07 | C64: 2026 | D64: Apr | E64: C38 NB | F64: Consumer | G64: ILS4P/ILS6P | H64: =IFERROR(VLOOKUP(G64,'C38 NB project list'!F:J,2,0),IFERROR(VLOOKUP(G64, 'C38 AIO project list'!E:I,2,0),"")) | I64: =IFERROR(VLOOKUP(G64,'C38 NB project list'!F:J,4,0),IFERROR(VLOOKUP(G64, 'C38 AIO project list'!E:I,4,0),"")) | J64: =IF(K64<=TODAY(),"Y","N") -> N | K64: =IFERROR(VLOOKUP(G64,'C38 NB project list'!F:J,5,0),IFERROR(VLOOKUP(G64,'C38 AIO project list'!E:I,5,0),"")) | L64: =IF(ISNUMBER(K64),EDATE(K64,60),"") | M64: =IF(COUNT(I64,K64,L64)=0, "", IF(TODAY()<I64,"NPI",IF(TODAY()<K64,"MP",IF(TODAY()<L64,"EOP","EOS")))) | N64: =IF(M64="MP",(TODAY()-I64)/365,"NA") -> NA | O64: =IF(M64="EOP",(TODAY()-K64)/365,"NA") -> NA | P64: =IF(M64="EOS",(TODAY()-L64)/365,"NA") -> NA | Q64: ILS4P/ILS6P | R64: RD units | S64: 2 | T64: =AJ64+BB64+BS64+CJ64 -> 1.0142857 | U64: =AK64+BC64+BT64+CK64 -> 71 | V64: =AL64+BD64+BU64+CL64 -> 0 | W64: =IF(COUNTA(AC64,AU64,BL64,CC64)=0,"",IF(CC64<>"",CC64,IF(BL64<>"",BL64,IF(AU64<>"",AU64,AC64)))) -> Pending | Y64: =IF(AND(X64<>"", AO64<>""),X64-AO64,0) -> 0 | Z64: 71 | AA64: =IF(AK64+BC64+BT64+CK64-Z64>=0,AK64+BC64+BT64+CK64-Z64,0) -> 0 | AB64: New Test | AC64: Pending | AD64: BIOS | AE64: BIOS | AF64: NGCN35WW | AG64: NGCN35WW+V56(24H2 26100.1000) | AI64: =HYPERLINK("#'SW sustaining issue list'!B"&ROW('SW sustaining issue list'!B169),"Click Here") -> Click Here | AJ64: =IF(AK64=0,0,AK64/AQ64/7) -> 1.0142857 | AK64: 71 | AL64: 0 | AM64: Sustain | AN64: Lora_Sun/Thomas_cui | AO64: 46125 | AP64: 46136 | AQ64: 10 | AR64: IPU2 Security BIOS update | BB64: =IF(BC64=0,0,BC64/BH64/7) -> 0 | BS64: =IF(BT64=0,0,BT64/BY64/7) -> 0 | CJ64: =IF(CK64=0,0,CK64/CP64/7) -> 0
B65: C38 NB_202604_06 | C65: 2026 | D65: Apr | E65: C38 NB | F65: SMB | G65: ILVP4/ILVP6 | H65: =IFERROR(VLOOKUP(G65,'C38 NB project list'!F:J,2,0),IFERROR(VLOOKUP(G65, 'C38 AIO project list'!E:I,2,0),"")) | I65: =IFERROR(VLOOKUP(G65,'C38 NB project list'!F:J,4,0),IFERROR(VLOOKUP(G65, 'C38 AIO project list'!E:I,4,0),"")) | J65: =IF(K65<=TODAY(),"Y","N") -> N | K65: =IFERROR(VLOOKUP(G65,'C38 NB project list'!F:J,5,0),IFERROR(VLOOKUP(G65,'C38 AIO project list'!E:I,5,0),"")) | L65: =IF(ISNUMBER(K65),EDATE(K65,60),"") | M65: =IF(COUNT(I65,K65,L65)=0, "", IF(TODAY()<I65,"NPI",IF(TODAY()<K65,"MP",IF(TODAY()<L65,"EOP","EOS")))) | N65: =IF(M65="MP",(TODAY()-I65)/365,"NA") -> NA | O65: =IF(M65="EOP",(TODAY()-K65)/365,"NA") -> NA | P65: =IF(M65="EOS",(TODAY()-L65)/365,"NA") -> NA | Q65: ILVP4/ILVP6 | R65: RD units | S65: 3 | T65: =AJ65+BB65+BS65+CJ65 -> 0.98571429 | U65: =AK65+BC65+BT65+CK65 -> 69 | V65: =AL65+BD65+BU65+CL65 -> 36 | W65: =IF(COUNTA(AC65,AU65,BL65,CC65)=0,"",IF(CC65<>"",CC65,IF(BL65<>"",BL65,IF(AU65<>"",AU65,AC65)))) -> Pass | Y65: =IF(AND(X65<>"", AO65<>""),X65-AO65,0) -> 0 | Z65: 69 | AA65: =IF(AK65+BC65+BT65+CK65-Z65>=0,AK65+BC65+BT65+CK65-Z65,0) -> 0 | AB65: New Test | AC65: Pass | AD65: BIOS | AE65: BIOS | AF65: NLCN40WW | AG65: NLCN40WW+V58(24H2 26100.1301) | AJ65: =IF(AK65=0,0,AK65/AQ65/7) -> 0.98571429 | AK65: 69 | AL65: 36 | AM65: Sustain | AN65: Gemma_wang/Stella_chen | AO65: 46128 | AP65: 46141 | AQ65: 10 | AR65: IPU2 Security BIOS update | BB65: =IF(BC65=0,0,BC65/BH65/7) -> 0 | BS65: =IF(BT65=0,0,BT65/BY65/7) -> 0 | CJ65: =IF(CK65=0,0,CK65/CP65/7) -> 0
B66: C38 NB_202604_05 | C66: 2026 | D66: Apr | E66: C38 NB | F66: SMB | G66: JLVQ4/JLVQ6 | H66: =IFERROR(VLOOKUP(G66,'C38 NB project list'!F:J,2,0),IFERROR(VLOOKUP(G66, 'C38 AIO project list'!E:I,2,0),"")) | I66: =IFERROR(VLOOKUP(G66,'C38 NB project list'!F:J,4,0),IFERROR(VLOOKUP(G66, 'C38 AIO project list'!E:I,4,0),"")) | J66: =IF(K66<=TODAY(),"Y","N") -> N | K66: =IFERROR(VLOOKUP(G66,'C38 NB project list'!F:J,5,0),IFERROR(VLOOKUP(G66,'C38 AIO project list'!E:I,5,0),"")) | L66: =IF(ISNUMBER(K66),EDATE(K66,60),"") | M66: =IF(COUNT(I66,K66,L66)=0, "", IF(TODAY()<I66,"NPI",IF(TODAY()<K66,"MP",IF(TODAY()<L66,"EOP","EOS")))) | N66: =IF(M66="MP",(TODAY()-I66)/365,"NA") -> NA | O66: =IF(M66="EOP",(TODAY()-K66)/365,"NA") -> NA | P66: =IF(M66="EOS",(TODAY()-L66)/365,"NA") -> NA | Q66: JLVQ4/JLVQ6 | R66: SIT units | S66: 20 | T66: =AJ66+BB66+BS66+CJ66 -> 1.3714286 | U66: =AK66+BC66+BT66+CK66 -> 96 | V66: =AL66+BD66+BU66+CL66 -> 44 | W66: =IF(COUNTA(AC66,AU66,BL66,CC66)=0,"",IF(CC66<>"",CC66,IF(BL66<>"",BL66,IF(AU66<>"",AU66,AC66)))) -> Conditional Pass | Y66: =IF(AND(X66<>"", AO66<>""),X66-AO66,0) -> 0 | Z66: 96 | AA66: =IF(AK66+BC66+BT66+CK66-Z66>=0,AK66+BC66+BT66+CK66-Z66,0) -> 0 | AB66: New Test | AC66: Conditional Pass | AD66: BIOS | AE66: BIOS | AF66: S6CN13WW | AG66: S6CN13WW+V26(25H2 26200.6899) | AI66: =HYPERLINK("#'SW sustaining issue list'!B"&ROW('SW sustaining issue list'!B69),"Click Here") -> Click Here | AJ66: =IF(AK66=0,0,AK66/AQ66/7) -> 1.3714286 | AK66: 96 | AL66: 44 | AM66: Sustain | AN66: Gemma_wang/Lily_Ye | AO66: 46128 | AP66: 46139 | AQ66: 10 | AR66: IPU2 Security BIOS update | BB66: =IF(BC66=0,0,BC66/BH66/7) -> 0 | BS66: =IF(BT66=0,0,BT66/BY66/7) -> 0 | CJ66: =IF(CK66=0,0,CK66/CP66/7) -> 0
B67: C38 NB_202604_04 | C67: 2026 | D67: Apr | E67: C38 NB | F67: Gaming | G67: KLG13 | H67: =IFERROR(VLOOKUP(G67,'C38 NB project list'!F:J,2,0),IFERROR(VLOOKUP(G67, 'C38 AIO project list'!E:I,2,0),"")) -> LOQ-E Intel RPL HX55 + NV GPU fighting box | I67: =IFERROR(VLOOKUP(G67,'C38 NB project list'!F:J,4,0),IFERROR(VLOOKUP(G67, 'C38 AIO project list'!E:I,4,0),"")) -> 45863 | J67: =IF(K67<=TODAY(),"Y","N") -> N | K67: =IFERROR(VLOOKUP(G67,'C38 NB project list'!F:J,5,0),IFERROR(VLOOKUP(G67,'C38 AIO project list'!E:I,5,0),"")) -> 46660 | L67: =IF(ISNUMBER(K67),EDATE(K67,60),"") -> 48487 | M67: =IF(COUNT(I67,K67,L67)=0, "", IF(TODAY()<I67,"NPI",IF(TODAY()<K67,"MP",IF(TODAY()<L67,"EOP","EOS")))) -> MP | N67: =IF(M67="MP",(TODAY()-I67)/365,"NA") -> 0.86027397 | O67: =IF(M67="EOP",(TODAY()-K67)/365,"NA") -> NA | P67: =IF(M67="EOS",(TODAY()-L67)/365,"NA") -> NA | Q67: N | R67: Others | S67: 10 | T67: =AJ67+BB67+BS67+CJ67 -> 1.4571429 | U67: =AK67+BC67+BT67+CK67 -> 102 | V67: =AL67+BD67+BU67+CL67 -> 0 | W67: =IF(COUNTA(AC67,AU67,BL67,CC67)=0,"",IF(CC67<>"",CC67,IF(BL67<>"",BL67,IF(AU67<>"",AU67,AC67)))) -> Pending | Y67: =IF(AND(X67<>"", AO67<>""),X67-AO67,0) -> 0 | Z67: 302 | AA67: =IF(AK67+BC67+BT67+CK67-Z67>=0,AK67+BC67+BT67+CK67-Z67,0) -> 0 | AB67: New Test | AC67: Pending | AD67: Driver | AE67: VGA Driver | AF67: NVIDIA Video driver to v32.0.15.9166. | AG67: SECN21WW+V35(25H2 26200.8037) | AH67: Install by manual | AI67: =HYPERLINK("#'SW sustaining issue list'!B"&ROW('SW sustaining issue list'!B156),"Click Here") -> Click Here | AJ67: =IF(AK67=0,0,AK67/AQ67/7) -> 1.4571429 | AK67: 102 | AL67: 0 | AM67: Sustain | AN67: Lora_Sun/Pete_Li | AO67: 46121 | AP67: 46134 | AQ67: 10 | AR67: update to the latest version for 8G RAM | AS67: NV有新的NV Driver,要用新版的測試,所以原本的測試pending | BB67: =IF(BC67=0,0,BC67/BH67/7) -> 0 | BS67: =IF(BT67=0,0,BT67/BY67/7) -> 0 | CJ67: =IF(CK67=0,0,CK67/CP67/7) -> 0
B68: C38 NB_202604_03 | C68: 2026 | D68: Apr | E68: C38 NB | F68: Gaming | G68: JLG20 | H68: =IFERROR(VLOOKUP(G68,'C38 NB project list'!F:J,2,0),IFERROR(VLOOKUP(G68, 'C38 AIO project list'!E:I,2,0),"")) -> L390 15" Intel ADL-HX55 + Intel DG2 GPU wave2 | I68: =IFERROR(VLOOKUP(G68,'C38 NB project list'!F:J,4,0),IFERROR(VLOOKUP(G68, 'C38 AIO project list'!E:I,4,0),"")) -> 45230 | J68: =IF(K68<=TODAY(),"Y","N") -> Y | K68: =IFERROR(VLOOKUP(G68,'C38 NB project list'!F:J,5,0),IFERROR(VLOOKUP(G68,'C38 AIO project list'!E:I,5,0),"")) -> 45747 | L68: =IF(ISNUMBER(K68),EDATE(K68,60),"") -> 47573 | M68: =IF(COUNT(I68,K68,L68)=0, "", IF(TODAY()<I68,"NPI",IF(TODAY()<K68,"MP",IF(TODAY()<L68,"EOP","EOS")))) -> EOP | N68: =IF(M68="MP",(TODAY()-I68)/365,"NA") -> NA | O68: =IF(M68="EOP",(TODAY()-K68)/365,"NA") -> 1.1780822 | P68: =IF(M68="EOS",(TODAY()-L68)/365,"NA") -> NA | Q68: N | R68: RD units | S68: 7 | T68: =AJ68+BB68+BS68+CJ68 -> #DIV/0! | U68: =AK68+BC68+BT68+CK68 -> 483 | V68: 9 | W68: =IF(COUNTA(AC68,AU68,BL68,CC68)=0,"",IF(CC68<>"",CC68,IF(BL68<>"",BL68,IF(AU68<>"",AU68,AC68)))) -> Pending | Y68: =IF(AND(X68<>"", AO68<>""),X68-AO68,0) -> 0 | Z68: 318 | AA68: =IF(AK68+BC68+BT68+CK68-Z68>=0,AK68+BC68+BT68+CK68-Z68,0) -> 165 | AB68: New Test | AC68: Pending | AD68: Driver | AE68: VGA Driver | AF68: Intel 32.0.101.7040 | AG68: NFCN48WW+V41(24H2 26100.1882/25H2 26200.8117) | AH68: Image build | AI68: =HYPERLINK("#'SW sustaining issue list'!B"&ROW('SW sustaining issue list'!B93),"Click Here") -> Click Here | AJ68: =IF(AK68=0,0,AK68/AQ68/7) -> 2.5238095 | AK68: 318 | AL68: 9 | AM68: Sustain | AN68: Lora_Sun/Webster | AO68: 46119 | AP68: 46164 | AQ68: 18 | AR68: Graphic driver update request to meet MDA requirement(MFST&Lenovo requirements) | AS68: LNV要求測試cover 24H2和25H2(update by WU) 有BSoD 0x9f dump指向VGA,所以測試先4/21號開始pending，5/12號開始繼續測試 | BB68: =IF(BC68=0,0,BC68/BH68/7) -> #DIV/0! | BC68: 165 | BS68: =IF(BT68=0,0,BT68/BY68/7) -> 0 | CJ68: =IF(CK68=0,0,CK68/CP68/7) -> 0
B69: C38 NB_202604_02 | C69: 2026 | D69: Apr | E69: C38 NB | F69: SMB | G69: JLVI4 | H69: =IFERROR(VLOOKUP(G69,'C38 NB project list'!F:J,2,0),IFERROR(VLOOKUP(G69, 'C38 AIO project list'!E:I,2,0),"")) -> TB Gen7+ 14" Intel Arrow Lake_UMA | I69: =IFERROR(VLOOKUP(G69,'C38 NB project list'!F:J,4,0),IFERROR(VLOOKUP(G69, 'C38 AIO project list'!E:I,4,0),"")) -> 45706 | J69: =IF(K69<=TODAY(),"Y","N") -> N | K69: =IFERROR(VLOOKUP(G69,'C38 NB project list'!F:J,5,0),IFERROR(VLOOKUP(G69,'C38 AIO project list'!E:I,5,0),"")) -> 46295 | L69: =IF(ISNUMBER(K69),EDATE(K69,60),"") -> 48121 | M69: =IF(COUNT(I69,K69,L69)=0, "", IF(TODAY()<I69,"NPI",IF(TODAY()<K69,"MP",IF(TODAY()<L69,"EOP","EOS")))) -> MP | N69: =IF(M69="MP",(TODAY()-I69)/365,"NA") -> 1.290411 | O69: =IF(M69="EOP",(TODAY()-K69)/365,"NA") -> NA | P69: =IF(M69="EOS",(TODAY()-L69)/365,"NA") -> NA | Q69: N | R69: SIT units | S69: 22 | T69: =AJ69+BB69+BS69+CJ69 -> 1.5 | U69: =AK69+BC69+BT69+CK69 -> 105 | V69: =AL69+BD69+BU69+CL69 -> 0 | W69: =IF(COUNTA(AC69,AU69,BL69,CC69)=0,"",IF(CC69<>"",CC69,IF(BL69<>"",BL69,IF(AU69<>"",AU69,AC69)))) -> Conditional Pass | Y69: =IF(AND(X69<>"", AO69<>""),X69-AO69,0) -> 0 | Z69: 105 | AA69: =IF(AK69+BC69+BT69+CK69-Z69>=0,AK69+BC69+BT69+CK69-Z69,0) -> 0 | AB69: New Test | AC69: Conditional Pass | AD69: BIOS | AE69: BIOS | AF69: R6CN28WW | AG69: R6CN28WW+V47(25H2 26200.6899 | AI69: =HYPERLINK("#'SW sustaining issue list'!B"&ROW('SW sustaining issue list'!B74),"Click Here") -> Click Here | AJ69: =IF(AK69=0,0,AK69/AQ69/7) -> 1.5 | AK69: 105 | AL69: 0 | AM69: Sustain | AN69: Gemma_wang/Stella_chen | AO69: 46119 | AP69: 46132 | AQ69: 10 | AR69: Update SPD table for PCR request(64Gb/9600 K3KL9L90EM-MGCV) | BB69: =IF(BC69=0,0,BC69/BH69/7) -> 0 | BS69: =IF(BT69=0,0,BT69/BY69/7) -> 0 | CJ69: =IF(CK69=0,0,CK69/CP69/7) -> 0
B70: C38 NB_202604_01 | C70: 2026 | D70: Apr | E70: C38 NB | F70: Consumer | G70: HLS4I_ILS6I_ILS4H_ILS6H | H70: =IFERROR(VLOOKUP(G70,'C38 NB project list'!F:J,2,0),IFERROR(VLOOKUP(G70, 'C38 AIO project list'!E:I,2,0),"")) | I70: =IFERROR(VLOOKUP(G70,'C38 NB project list'!F:J,4,0),IFERROR(VLOOKUP(G70, 'C38 AIO project list'!E:I,4,0),"")) | J70: =IF(K70<=TODAY(),"Y","N") -> N | K70: =IFERROR(VLOOKUP(G70,'C38 NB project list'!F:J,5,0),IFERROR(VLOOKUP(G70,'C38 AIO project list'!E:I,5,0),"")) | L70: =IF(ISNUMBER(K70),EDATE(K70,60),"") | M70: =IF(COUNT(I70,K70,L70)=0, "", IF(TODAY()<I70,"NPI",IF(TODAY()<K70,"MP",IF(TODAY()<L70,"EOP","EOS")))) | N70: =IF(M70="MP",(TODAY()-I70)/365,"NA") -> NA | O70: =IF(M70="EOP",(TODAY()-K70)/365,"NA") -> NA | P70: =IF(M70="EOS",(TODAY()-L70)/365,"NA") -> NA | Q70: HLS4I_ILS6I_ILS4H_ILS6H | R70: RD units | S70: 6 | T70: =AJ70+BB70+BS70+CJ70 -> 7.4168367 | U70: =AK70+BC70+BT70+CK70 -> 551.2 | V70: =AL70+BD70+BU70+CL70 -> 121 | W70: =IF(COUNTA(AC70,AU70,BL70,CC70)=0,"",IF(CC70<>"",CC70,IF(BL70<>"",BL70,IF(AU70<>"",AU70,AC70)))) -> Pending | Y70: =IF(AND(X70<>"", AO70<>""),X70-AO70,0) -> 0 | Z70: 317 | AA70: =IF(AK70+BC70+BT70+CK70-Z70>=0,AK70+BC70+BT70+CK70-Z70,0) -> 234.2 | AB70: New Test | AC70: Fail | AD70: Driver | AE70: VGA Driver | AF70: Intel 32.0.101.7040 | AG70: LACN42WW+V61( 25H2 26200.8117/Windows 11 24H2 26100.1) | AH70: Install by manual | AI70: =HYPERLINK("#'SW sustaining issue list'!B"&ROW('SW sustaining issue list'!B115),"Click Here") -> Click Here | AJ70: =IF(AK70=0,0,AK70/AQ70/7) -> 4.1821429 | AK70: 234.2 | AL70: 121 | AM70: Sustain | AN70: Lora_Sun/Vera_Xu | AO70: 46119 | AP70: 46128 | AQ70: 8 | AR70: Graphic driver update request to meet MDA requirement(MFST&Lenovo requirements) | AS70: LNV要求測試cover 24H2和25H2(update by WU) 因爲IGS 選項lost的問題,換新版測試 | AT70: Regression1 | AU70: Pending | AV70: Driver | AW70: VGA Driver | AX70: Intel 32.0.101.7076 | AY70: LACN42WW+V61( 25H2 26200.8117/Windows 11 24H2 26100.1) | AZ70: Install by manual | BB70: =IF(BC70=0,0,BC70/BH70/7) -> 3.2346939 | BC70: 317 | BD70: 0 | BE70: LoraVera_Xu | BF70: 46129 | BG70: 46150 | BH70: 14 | BI70: Graphic driver update request to meet MDA requirement(MFST&Lenovo requirements) | BJ70: 測試時發現IGS option 丟失的問題,SA 就決定更新版本測試（客人沒有指定版本,只是說什麽版本之上） | BS70: =IF(BT70=0,0,BT70/BY70/7) -> 0 | CJ70: =IF(CK70=0,0,CK70/CP70/7) -> 0
B71: C38 NB_202603_07 | C71: 2026 | D71: Apr | E71: C38 NB | F71: Consumer | G71: KLS72 KRK1 | H71: =IFERROR(VLOOKUP(G71,'C38 NB project list'!F:J,2,0),IFERROR(VLOOKUP(G71, 'C38 AIO project list'!E:I,2,0),"")) | I71: =IFERROR(VLOOKUP(G71,'C38 NB project list'!F:J,4,0),IFERROR(VLOOKUP(G71, 'C38 AIO project list'!E:I,4,0),"")) | J71: =IF(K71<=TODAY(),"Y","N") -> N | K71: =IFERROR(VLOOKUP(G71,'C38 NB project list'!F:J,5,0),IFERROR(VLOOKUP(G71,'C38 AIO project list'!E:I,5,0),"")) | L71: =IF(ISNUMBER(K71),EDATE(K71,60),"") | M71: =IF(COUNT(I71,K71,L71)=0, "", IF(TODAY()<I71,"NPI",IF(TODAY()<K71,"MP",IF(TODAY()<L71,"EOP","EOS")))) | N71: =IF(M71="MP",(TODAY()-I71)/365,"NA") -> NA | O71: =IF(M71="EOP",(TODAY()-#REF!)/365,"NA") -> NA | P71: =IF(M71="EOS",(TODAY()-L71)/365,"NA") -> NA | Q71: N | R71: Others | S71: 11 | T71: =AJ71+BB71+BS71+CJ71 -> 0.057142857 | U71: =AK71+BC71+BT71+CK71 -> 8 | V71: =AL71+BD71+BU71+CL71 -> 54 | W71: =IF(COUNTA(AC71,AU71,BL71,CC71)=0,"",IF(CC71<>"",CC71,IF(BL71<>"",BL71,IF(AU71<>"",AU71,AC71)))) -> Pass | Y71: =IF(AND(X71<>"", AO71<>""),X71-AO71,0) -> 0 | Z71: 8 | AA71: =IF(AK71+BC71+BT71+CK71-Z71>=0,AK71+BC71+BT71+CK71-Z71,0) -> 0 | AB71: New Test | AC71: Pass | AD71: Driver | AE71: BT Driver | AF71: Realtek Bluetooth driver_20.4032.0.1927 | AG71: QTCN31WW.KRK2_F02/F03 + Image V44(25H2 26200.7840) QTCN31WW.KRK2_F03/F04 + Image V47(25H2 26200.7840) QTCN31WW.KRK2_F05 + Image V47/V48(25H2 26200.8117) | AH71: Image build | AI71: =HYPERLINK("#'SW sustaining issue list'!B"&ROW('SW sustaining issue list'!B126),"Click Here") -> Click Here | AJ71: =IF(AK71=0,0,AK71/AQ71/7) -> 0.057142857 | AK71: 8 | AL71: 54 | AM71: Sustain | AN71: Lora_Sun/Thomas_cui | AO71: 46111 | AP71: 46139 | AQ71: 20 | AR71: KRK2 CPU refresh | BB71: =IF(BC71=0,0,BC71/BH71/7) -> 0 | BS71: =IF(BT71=0,0,BT71/BY71/7) -> 0 | CJ71: =IF(CK71=0,0,CK71/CP71/7) -> 0
B72: C38 NB_202603_06 | C72: 2026 | D72: Apr | E72: C38 NB | F72: Consumer | G72: KLS72 KRK1 | H72: =IFERROR(VLOOKUP(G72,'C38 NB project list'!F:J,2,0),IFERROR(VLOOKUP(G72, 'C38 AIO project list'!E:I,2,0),"")) | I72: =IFERROR(VLOOKUP(G72,'C38 NB project list'!F:J,4,0),IFERROR(VLOOKUP(G72, 'C38 AIO project list'!E:I,4,0),"")) | J72: =IF(K72<=TODAY(),"Y","N") -> N | K72: =IFERROR(VLOOKUP(G72,'C38 NB project list'!F:J,5,0),IFERROR(VLOOKUP(G72,'C38 AIO project list'!E:I,5,0),"")) | L72: =IF(ISNUMBER(K72),EDATE(K72,60),"") | M72: =IF(COUNT(I72,K72,L72)=0, "", IF(TODAY()<I72,"NPI",IF(TODAY()<K72,"MP",IF(TODAY()<L72,"EOP","EOS")))) | N72: =IF(M72="MP",(TODAY()-I72)/365,"NA") -> NA | O72: =IF(M72="EOP",(TODAY()-#REF!)/365,"NA") -> NA | P72: =IF(M72="EOS",(TODAY()-L72)/365,"NA") -> NA | Q72: N | R72: Others | S72: 11 | T72: =AJ72+BB72+BS72+CJ72 -> 0.32142857 | U72: =AK72+BC72+BT72+CK72 -> 45 | V72: =AL72+BD72+BU72+CL72 -> 45 | W72: =IF(COUNTA(AC72,AU72,BL72,CC72)=0,"",IF(CC72<>"",CC72,IF(BL72<>"",BL72,IF(AU72<>"",AU72,AC72)))) -> Pass | Y72: =IF(AND(X72<>"", AO72<>""),X72-AO72,0) -> 0 | Z72: 45 | AA72: =IF(AK72+BC72+BT72+CK72-Z72>=0,AK72+BC72+BT72+CK72-Z72,0) -> 0 | AB72: New Test | AC72: Pass | AD72: Driver | AE72: Wlan Driver | AF72: Realtek WLAN driver _6102.24.108.347 | AH72: Image build | AI72: =HYPERLINK("#'SW sustaining issue list'!B"&ROW('SW sustaining issue list'!B126),"Click Here") -> Click Here | AJ72: =IF(AK72=0,0,AK72/AQ72/7) -> 0.32142857 | AK72: 45 | AL72: 45 | AM72: Sustain | AN72: Lora_Sun/Thomas_cui | AO72: 46111 | AP72: 46139 | AQ72: 20 | AR72: KRK2 CPU refresh | BB72: =IF(BC72=0,0,BC72/BH72/7) -> 0 | BS72: =IF(BT72=0,0,BT72/BY72/7) -> 0 | CJ72: =IF(CK72=0,0,CK72/CP72/7) -> 0
B73: C38 NB_202603_05 | C73: 2026 | D73: Apr | E73: C38 NB | F73: Consumer | G73: KLS72 KRK1 | H73: =IFERROR(VLOOKUP(G73,'C38 NB project list'!F:J,2,0),IFERROR(VLOOKUP(G73, 'C38 AIO project list'!E:I,2,0),"")) | I73: =IFERROR(VLOOKUP(G73,'C38 NB project list'!F:J,4,0),IFERROR(VLOOKUP(G73, 'C38 AIO project list'!E:I,4,0),"")) | J73: =IF(K73<=TODAY(),"Y","N") -> N | K73: =IFERROR(VLOOKUP(G73,'C38 NB project list'!F:J,5,0),IFERROR(VLOOKUP(G73,'C38 AIO project list'!E:I,5,0),"")) | L73: =IF(ISNUMBER(K73),EDATE(K73,60),"") | M73: =IF(COUNT(I73,K73,L73)=0, "", IF(TODAY()<I73,"NPI",IF(TODAY()<K73,"MP",IF(TODAY()<L73,"EOP","EOS")))) | N73: =IF(M73="MP",(TODAY()-I73)/365,"NA") -> NA | O73: =IF(M73="EOP",(TODAY()-#REF!)/365,"NA") -> NA | P73: =IF(M73="EOS",(TODAY()-L73)/365,"NA") -> NA | Q73: N | R73: Others | S73: 11 | T73: =AJ73+BB73+BS73+CJ73 -> 0.23571429 | U73: =AK73+BC73+BT73+CK73 -> 33 | V73: =AL73+BD73+BU73+CL73 -> 42 | W73: =IF(COUNTA(AC73,AU73,BL73,CC73)=0,"",IF(CC73<>"",CC73,IF(BL73<>"",BL73,IF(AU73<>"",AU73,AC73)))) -> Pass | Y73: =IF(AND(X73<>"", AO73<>""),X73-AO73,0) -> 0 | Z73: 33 | AA73: =IF(AK73+BC73+BT73+CK73-Z73>=0,AK73+BC73+BT73+CK73-Z73,0) -> 0 | AB73: New Test | AC73: Pass | AD73: Driver | AE73: Audio Driver | AF73: 1.Update AMD Audio CoProcessor Driver (ACPBus)_7.0.3.57 2.Update AMD Audio Device_6.0.3.61 3.Update AMD USB Audio Device Driver_6.0.3.40 4.Update Dolby APO SWC Device_3.30902.922.0 Change point : KRK2 CPU refresh | AH73: Image build | AI73: =HYPERLINK("#'SW sustaining issue list'!B"&ROW('SW sustaining issue list'!B126),"Click Here") -> Click Here | AJ73: =IF(AK73=0,0,AK73/AQ73/7) -> 0.23571429 | AK73: 33 | AL73: 42 | AM73: Sustain | AN73: Lora_Sun/Thomas_cui | AO73: 46111 | AP73: 46139 | AQ73: 20 | AR73: KRK2 CPU refresh | BB73: =IF(BC73=0,0,BC73/BH73/7) -> 0 | BS73: =IF(BT73=0,0,BT73/BY73/7) -> 0 | CJ73: =IF(CK73=0,0,CK73/CP73/7) -> 0
B74: C38 NB_202603_04 | C74: 2026 | D74: Apr | E74: C38 NB | F74: Consumer | G74: KLS72 KRK1 | H74: =IFERROR(VLOOKUP(G74,'C38 NB project list'!F:J,2,0),IFERROR(VLOOKUP(G74, 'C38 AIO project list'!E:I,2,0),"")) | I74: =IFERROR(VLOOKUP(G74,'C38 NB project list'!F:J,4,0),IFERROR(VLOOKUP(G74, 'C38 AIO project list'!E:I,4,0),"")) | J74: =IF(K74<=TODAY(),"Y","N") -> N | K74: =IFERROR(VLOOKUP(G74,'C38 NB project list'!F:J,5,0),IFERROR(VLOOKUP(G74,'C38 AIO project list'!E:I,5,0),"")) | L74: =IF(ISNUMBER(K74),EDATE(K74,60),"") | M74: =IF(COUNT(I74,K74,L74)=0, "", IF(TODAY()<I74,"NPI",IF(TODAY()<K74,"MP",IF(TODAY()<L74,"EOP","EOS")))) | N74: =IF(M74="MP",(TODAY()-I74)/365,"NA") -> NA | O74: =IF(M74="EOP",(TODAY()-#REF!)/365,"NA") -> NA | P74: =IF(M74="EOS",(TODAY()-L74)/365,"NA") -> NA | Q74: N | R74: Others | S74: 11 | T74: =AJ74+BB74+BS74+CJ74 -> 1.3857143 | U74: =AK74+BC74+BT74+CK74 -> 194 | V74: =AL74+BD74+BU74+CL74 -> 0 | W74: =IF(COUNTA(AC74,AU74,BL74,CC74)=0,"",IF(CC74<>"",CC74,IF(BL74<>"",BL74,IF(AU74<>"",AU74,AC74)))) -> Pass | Y74: =IF(AND(X74<>"", AO74<>""),X74-AO74,0) -> 0 | Z74: 194 | AA74: =IF(AK74+BC74+BT74+CK74-Z74>=0,AK74+BC74+BT74+CK74-Z74,0) -> 0 | AB74: New Test | AC74: Pass | AD74: Driver | AE74: VGA Driver | AF74: AMD Graphics Driver_32.0.22042.3003 | AH74: Image build | AI74: =HYPERLINK("#'SW sustaining issue list'!B"&ROW('SW sustaining issue list'!B142),"Click Here") -> Click Here | AJ74: =IF(AK74=0,0,AK74/AQ74/7) -> 1.3857143 | AK74: 194 | AL74: 0 | AM74: Sustain | AN74: Lora_Sun/Thomas_cui | AO74: 46111 | AP74: 46139 | AQ74: 20 | AR74: KRK2 CPU refresh | BB74: =IF(BC74=0,0,BC74/BH74/7) -> 0 | BS74: =IF(BT74=0,0,BT74/BY74/7) -> 0 | CJ74: =IF(CK74=0,0,CK74/CP74/7) -> 0
B75: C38 NB_202603_03 | C75: 2026 | D75: Apr | E75: C38 NB | F75: Consumer | G75: KLS72 KRK1 | H75: =IFERROR(VLOOKUP(G75,'C38 NB project list'!F:J,2,0),IFERROR(VLOOKUP(G75, 'C38 AIO project list'!E:I,2,0),"")) | I75: =IFERROR(VLOOKUP(G75,'C38 NB project list'!F:J,4,0),IFERROR(VLOOKUP(G75, 'C38 AIO project list'!E:I,4,0),"")) | J75: =IF(K75<=TODAY(),"Y","N") -> N | K75: =IFERROR(VLOOKUP(G75,'C38 NB project list'!F:J,5,0),IFERROR(VLOOKUP(G75,'C38 AIO project list'!E:I,5,0),"")) | L75: =IF(ISNUMBER(K75),EDATE(K75,60),"") | M75: =IF(COUNT(I75,K75,L75)=0, "", IF(TODAY()<I75,"NPI",IF(TODAY()<K75,"MP",IF(TODAY()<L75,"EOP","EOS")))) | N75: =IF(M75="MP",(TODAY()-I75)/365,"NA") -> NA | O75: =IF(M75="EOP",(TODAY()-#REF!)/365,"NA") -> NA | P75: =IF(M75="EOS",(TODAY()-L75)/365,"NA") -> NA | Q75: N | R75: Others | S75: 11 | T75: =AJ75+BB75+BS75+CJ75 -> 0.07 | U75: =AK75+BC75+BT75+CK75 -> 9.8 | V75: =AL75+BD75+BU75+CL75 -> 0 | W75: =IF(COUNTA(AC75,AU75,BL75,CC75)=0,"",IF(CC75<>"",CC75,IF(BL75<>"",BL75,IF(AU75<>"",AU75,AC75)))) -> Pass | Y75: =IF(AND(X75<>"", AO75<>""),X75-AO75,0) -> 0 | Z75: 9.8 | AA75: =IF(AK75+BC75+BT75+CK75-Z75>=0,AK75+BC75+BT75+CK75-Z75,0) -> 0 | AB75: New Test | AC75: Pass | AD75: Driver | AE75: MEP driver | AF75: Update MEP driver:2.0.28.0 | AH75: Image build | AI75: =HYPERLINK("#'SW sustaining issue list'!B"&ROW('SW sustaining issue list'!B126),"Click Here") -> Click Here | AJ75: =IF(AK75=0,0,AK75/AQ75/7) -> 0.07 | AK75: 9.8 | AL75: 0 | AM75: Sustain | AN75: Lora_Sun/Thomas_cui | AO75: 46111 | AP75: 46139 | AQ75: 20 | AR75: KRK2 CPU refresh | BB75: =IF(BC75=0,0,BC75/BH75/7) -> 0 | BS75: =IF(BT75=0,0,BT75/BY75/7) -> 0 | CJ75: =IF(CK75=0,0,CK75/CP75/7) -> 0
B76: C38 NB_202603_02 | C76: 2026 | D76: Apr | E76: C38 NB | F76: Consumer | G76: KLS72 KRK1 | H76: =IFERROR(VLOOKUP(G76,'C38 NB project list'!F:J,2,0),IFERROR(VLOOKUP(G76, 'C38 AIO project list'!E:I,2,0),"")) | I76: =IFERROR(VLOOKUP(G76,'C38 NB project list'!F:J,4,0),IFERROR(VLOOKUP(G76, 'C38 AIO project list'!E:I,4,0),"")) | J76: =IF(K76<=TODAY(),"Y","N") -> N | K76: =IFERROR(VLOOKUP(G76,'C38 NB project list'!F:J,5,0),IFERROR(VLOOKUP(G76,'C38 AIO project list'!E:I,5,0),"")) | L76: =IF(ISNUMBER(K76),EDATE(K76,60),"") | M76: =IF(COUNT(I76,K76,L76)=0, "", IF(TODAY()<I76,"NPI",IF(TODAY()<K76,"MP",IF(TODAY()<L76,"EOP","EOS")))) | N76: =IF(M76="MP",(TODAY()-I76)/365,"NA") -> NA | O76: =IF(M76="EOP",(TODAY()-#REF!)/365,"NA") -> NA | P76: =IF(M76="EOS",(TODAY()-L76)/365,"NA") -> NA | Q76: N | R76: Others | S76: 11 | T76: =AJ76+BB76+BS76+CJ76 -> 0.15 | U76: =AK76+BC76+BT76+CK76 -> 21 | V76: =AL76+BD76+BU76+CL76 -> 41 | W76: =IF(COUNTA(AC76,AU76,BL76,CC76)=0,"",IF(CC76<>"",CC76,IF(BL76<>"",BL76,IF(AU76<>"",AU76,AC76)))) -> Pass | Y76: =IF(AND(X76<>"", AO76<>""),X76-AO76,0) -> 0 | Z76: 21 | AA76: =IF(AK76+BC76+BT76+CK76-Z76>=0,AK76+BC76+BT76+CK76-Z76,0) -> 0 | AB76: New Test | AC76: Pass | AD76: Driver | AE76: Chipset Driver | AF76: 1..Update AMD PSP Driver_5.42.0.0 2.Update AMD GPIO Driver_2.2.0.136 3.Update AMD Micro PEP Driver_1.0.46.0 4.Update AMD PMF Driver_25.8.16.0 5.Update AMD PPM Driver_ 8.0.0.61 6.Update AMD SMBus Driver_2.0.0.26 | AH76: Image build | AI76: =HYPERLINK("#'SW sustaining issue list'!B"&ROW('SW sustaining issue list'!B126),"Click Here") -> Click Here | AJ76: =IF(AK76=0,0,AK76/AQ76/7) -> 0.15 | AK76: 21 | AL76: 41 | AM76: Sustain | AN76: Lora_Sun/Thomas_cui | AO76: 46111 | AP76: 46139 | AQ76: 20 | AR76: KRK2 CPU refresh | BB76: =IF(BC76=0,0,BC76/BH76/7) -> 0 | BS76: =IF(BT76=0,0,BT76/BY76/7) -> 0 | CJ76: =IF(CK76=0,0,CK76/CP76/7) -> 0
B77: C38 NB_202603_01 | C77: 2026 | D77: Apr | E77: C38 NB | F77: Consumer | G77: KLS72 KRK1 | H77: =IFERROR(VLOOKUP(G77,'C38 NB project list'!F:J,2,0),IFERROR(VLOOKUP(G77, 'C38 AIO project list'!E:I,2,0),"")) | I77: =IFERROR(VLOOKUP(G77,'C38 NB project list'!F:J,4,0),IFERROR(VLOOKUP(G77, 'C38 AIO project list'!E:I,4,0),"")) | J77: =IF(K77<=TODAY(),"Y","N") -> N | K77: =IFERROR(VLOOKUP(G77,'C38 NB project list'!F:J,5,0),IFERROR(VLOOKUP(G77,'C38 AIO project list'!E:I,5,0),"")) | L77: =IF(ISNUMBER(K77),EDATE(K77,60),"") | M77: =IF(COUNT(I77,K77,L77)=0, "", IF(TODAY()<I77,"NPI",IF(TODAY()<K77,"MP",IF(TODAY()<L77,"EOP","EOS")))) | N77: =IF(M77="MP",(TODAY()-I77)/365,"NA") -> NA | O77: =IF(M77="EOP",(TODAY()-#REF!)/365,"NA") -> NA | P77: =IF(M77="EOS",(TODAY()-L77)/365,"NA") -> NA | Q77: N | R77: Others | S77: 11 | T77: =AJ77+BB77+BS77+CJ77 -> 0.43214286 | U77: =AK77+BC77+BT77+CK77 -> 60.5 | V77: =AL77+BD77+BU77+CL77 -> 37.5 | W77: =IF(COUNTA(AC77,AU77,BL77,CC77)=0,"",IF(CC77<>"",CC77,IF(BL77<>"",BL77,IF(AU77<>"",AU77,AC77)))) -> Fail | Y77: =IF(AND(X77<>"", AO77<>""),X77-AO77,0) -> 0 | Z77: 60.5 | AA77: =IF(AK77+BC77+BT77+CK77-Z77>=0,AK77+BC77+BT77+CK77-Z77,0) -> 0 | AB77: New Test | AC77: Fail | AD77: BIOS | AE77: BIOS | AF77: 1.QTCN31WW.KRK2_F02 2.QTCN31WW.KRK2_F03 | AH77: Image build | AI77: =HYPERLINK("#'SW sustaining issue list'!B"&ROW('SW sustaining issue list'!B126),"Click Here") -> Click Here | AJ77: =IF(AK77=0,0,AK77/AQ77/7) -> 0.43214286 | AK77: 60.5 | AL77: 37.5 | AM77: Sustain | AN77: Lora_Sun/Thomas_cui | AO77: 46111 | AP77: 46139 | AQ77: 20 | AR77: QTCN31WW.KRK2_F02: 1.Modify Support KRK2 R5 R7 thermal DPTF setting. 2.Modify Write a flag to EC namespace to check CPU type (KRK1/KRK2). QTCN31WW.KRK2_F03: 1. Update KRK2 R5 R7 thermal DPTF setting. QTCN31WW.KRK2_F04: 1. Update StrixKrackan PI to 1.1.0.2e (05.61.25.0008). QTCN31WW.KRK2_F05: 1. Update StrixKrackan PI to 1.1.0.2e (05.61.25.0008). 2.Fix TDMS-519133 BIOS set up interface cannot show Chinese after changing mode to“chinese”by pressing insert key. 3.Fix TDMS-518943 There is abnormal character when doing Reinstall Windows from Cloud on Realtek WLAN card units. 4.Fix TDMS-518908 SSD disppear from boot menu after change language to CN and set SSD password. 5.Fix TDMS-518802 R5 units' Graphics model name in Processor name not meet spec. | BB77: =IF(BC77=0,0,BC77/BH77/7) -> 0 | BS77: =IF(BT77=0,0,BT77/BY77/7) -> 0 | CJ77: =IF(CK77=0,0,CK77/CP77/7) -> 0
H78: =IFERROR(VLOOKUP(G78,'C38 NB project list'!F:J,2,0),IFERROR(VLOOKUP(G78, 'C38 AIO project list'!E:I,2,0),"")) | L78: =IF(ISNUMBER(K78),EDATE(K78,60),"") | M78: =IF(COUNT(I78,K78,L78)=0, "", IF(TODAY()<I78,"NPI",IF(TODAY()<K78,"MP",IF(TODAY()<L78,"EOP","EOS")))) | N78: =IF(M78="MP",(TODAY()-I78)/365,"NA") -> NA | O78: =IF(M78="EOP",(TODAY()-K78)/365,"NA") -> NA | P78: =IF(M78="EOS",(TODAY()-L78)/365,"NA") -> NA | T78: =AJ78+BB78+BS78+CJ78 -> 0 | U78: =AK78+BC78+BT78+CK78 -> 0 | V78: =AL78+BD78+BU78+CL78 -> 0 | W78: =IF(COUNTA(AC78,AU78,BL78,CC78)=0,"",IF(CC78<>"",CC78,IF(BL78<>"",BL78,IF(AU78<>"",AU78,AC78)))) | Y78: =IF(AND(X78<>"", AO78<>""),X78-AO78,0) -> 0 | AA78: =IF(AK78+BC78+BT78+CK78-Z78>=0,AK78+BC78+BT78+CK78-Z78,0) -> 0 | AJ78: =IF(AK78=0,0,AK78/AQ78/7) -> 0 | BB78: =IF(BC78=0,0,BC78/BH78/7) -> 0 | BS78: =IF(BT78=0,0,BT78/BY78/7) -> 0 | CJ78: =IF(CK78=0,0,CK78/CP78/7) -> 0
H79: =IFERROR(VLOOKUP(G79,'C38 NB project list'!F:J,2,0),IFERROR(VLOOKUP(G79, 'C38 AIO project list'!E:I,2,0),"")) | L79: =IF(ISNUMBER(K79),EDATE(K79,60),"") | M79: =IF(COUNT(I79,K79,L79)=0, "", IF(TODAY()<I79,"NPI",IF(TODAY()<K79,"MP",IF(TODAY()<L79,"EOP","EOS")))) | N79: =IF(M79="MP",(TODAY()-I79)/365,"NA") -> NA | O79: =IF(M79="EOP",(TODAY()-K79)/365,"NA") -> NA | P79: =IF(M79="EOS",(TODAY()-L79)/365,"NA") -> NA | T79: =AJ79+BB79+BS79+CJ79 -> 0 | U79: =AK79+BC79+BT79+CK79 -> 0 | V79: =AL79+BD79+BU79+CL79 -> 0 | W79: =IF(COUNTA(AC79,AU79,BL79,CC79)=0,"",IF(CC79<>"",CC79,IF(BL79<>"",BL79,IF(AU79<>"",AU79,AC79)))) | Y79: =IF(AND(X79<>"", AO79<>""),X79-AO79,0) -> 0 | AA79: =IF(AK79+BC79+BT79+CK79-Z79>=0,AK79+BC79+BT79+CK79-Z79,0) -> 0 | AJ79: =IF(AK79=0,0,AK79/AQ79/7) -> 0 | BB79: =IF(BC79=0,0,BC79/BH79/7) -> 0 | BS79: =IF(BT79=0,0,BT79/BY79/7) -> 0 | CJ79: =IF(CK79=0,0,CK79/CP79/7) -> 0
H80: =IFERROR(VLOOKUP(G80,'C38 NB project list'!F:J,2,0),IFERROR(VLOOKUP(G80, 'C38 AIO project list'!E:I,2,0),"")) | L80: =IF(ISNUMBER(K80),EDATE(K80,60),"") | M80: =IF(COUNT(I80,K80,L80)=0, "", IF(TODAY()<I80,"NPI",IF(TODAY()<K80,"MP",IF(TODAY()<L80,"EOP","EOS")))) | N80: =IF(M80="MP",(TODAY()-I80)/365,"NA") -> NA | O80: =IF(M80="EOP",(TODAY()-K80)/365,"NA") -> NA | P80: =IF(M80="EOS",(TODAY()-L80)/365,"NA") -> NA | T80: =AJ80+BB80+BS80+CJ80 -> 0 | U80: =AK80+BC80+BT80+CK80 -> 0 | V80: =AL80+BD80+BU80+CL80 -> 0 | W80: =IF(COUNTA(AC80,AU80,BL80,CC80)=0,"",IF(CC80<>"",CC80,IF(BL80<>"",BL80,IF(AU80<>"",AU80,AC80)))) | Y80: =IF(AND(X80<>"", AO80<>""),X80-AO80,0) -> 0 | AA80: =IF(AK80+BC80+BT80+CK80-Z80>=0,AK80+BC80+BT80+CK80-Z80,0) -> 0 | AJ80: =IF(AK80=0,0,AK80/AQ80/7) -> 0 | BB80: =IF(BC80=0,0,BC80/BH80/7) -> 0 | BS80: =IF(BT80=0,0,BT80/BY80/7) -> 0 | CJ80: =IF(CK80=0,0,CK80/CP80/7) -> 0
H81: =IFERROR(VLOOKUP(G81,'C38 NB project list'!F:J,2,0),IFERROR(VLOOKUP(G81, 'C38 AIO project list'!E:I,2,0),"")) | L81: =IF(ISNUMBER(K81),EDATE(K81,60),"") | M81: =IF(COUNT(I81,K81,L81)=0, "", IF(TODAY()<I81,"NPI",IF(TODAY()<K81,"MP",IF(TODAY()<L81,"EOP","EOS")))) | N81: =IF(M81="MP",(TODAY()-I81)/365,"NA") -> NA | O81: =IF(M81="EOP",(TODAY()-K81)/365,"NA") -> NA | P81: =IF(M81="EOS",(TODAY()-L81)/365,"NA") -> NA | T81: =AJ81+BB81+BS81+CJ81 -> 0 | U81: =AK81+BC81+BT81+CK81 -> 0 | V81: =AL81+BD81+BU81+CL81 -> 0 | W81: =IF(COUNTA(AC81,AU81,BL81,CC81)=0,"",IF(CC81<>"",CC81,IF(BL81<>"",BL81,IF(AU81<>"",AU81,AC81)))) | Y81: =IF(AND(X81<>"", AO81<>""),X81-AO81,0) -> 0 | AA81: =IF(AK81+BC81+BT81+CK81-Z81>=0,AK81+BC81+BT81+CK81-Z81,0) -> 0 | AJ81: =IF(AK81=0,0,AK81/AQ81/7) -> 0 | BB81: =IF(BC81=0,0,BC81/BH81/7) -> 0 | BS81: =IF(BT81=0,0,BT81/BY81/7) -> 0 | CJ81: =IF(CK81=0,0,CK81/CP81/7) -> 0
H82: =IFERROR(VLOOKUP(G82,'C38 NB project list'!F:J,2,0),IFERROR(VLOOKUP(G82, 'C38 AIO project list'!E:I,2,0),"")) | L82: =IF(ISNUMBER(K82),EDATE(K82,60),"") | M82: =IF(COUNT(I82,K82,L82)=0, "", IF(TODAY()<I82,"NPI",IF(TODAY()<K82,"MP",IF(TODAY()<L82,"EOP","EOS")))) | N82: =IF(M82="MP",(TODAY()-I82)/365,"NA") -> NA | O82: =IF(M82="EOP",(TODAY()-K82)/365,"NA") -> NA | P82: =IF(M82="EOS",(TODAY()-L82)/365,"NA") -> NA | T82: =AJ82+BB82+BS82+CJ82 -> 0 | U82: =AK82+BC82+BT82+CK82 -> 0 | V82: =AL82+BD82+BU82+CL82 -> 0 | W82: =IF(COUNTA(AC82,AU82,BL82,CC82)=0,"",IF(CC82<>"",CC82,IF(BL82<>"",BL82,IF(AU82<>"",AU82,AC82)))) | Y82: =IF(AND(X82<>"", AO82<>""),X82-AO82,0) -> 0 | AA82: =IF(AK82+BC82+BT82+CK82-Z82>=0,AK82+BC82+BT82+CK82-Z82,0) -> 0 | AJ82: =IF(AK82=0,0,AK82/AQ82/7) -> 0 | BB82: =IF(BC82=0,0,BC82/BH82/7) -> 0 | BS82: =IF(BT82=0,0,BT82/BY82/7) -> 0 | CJ82: =IF(CK82=0,0,CK82/CP82/7) -> 0
H83: =IFERROR(VLOOKUP(G83,'C38 NB project list'!F:J,2,0),IFERROR(VLOOKUP(G83, 'C38 AIO project list'!E:I,2,0),"")) | L83: =IF(ISNUMBER(K83),EDATE(K83,60),"") | M83: =IF(COUNT(I83,K83,L83)=0, "", IF(TODAY()<I83,"NPI",IF(TODAY()<K83,"MP",IF(TODAY()<L83,"EOP","EOS")))) | N83: =IF(M83="MP",(TODAY()-I83)/365,"NA") -> NA | O83: =IF(M83="EOP",(TODAY()-K83)/365,"NA") -> NA | P83: =IF(M83="EOS",(TODAY()-L83)/365,"NA") -> NA | T83: =AJ83+BB83+BS83+CJ83 -> 0 | U83: =AK83+BC83+BT83+CK83 -> 0 | V83: =AL83+BD83+BU83+CL83 -> 0 | W83: =IF(COUNTA(AC83,AU83,BL83,CC83)=0,"",IF(CC83<>"",CC83,IF(BL83<>"",BL83,IF(AU83<>"",AU83,AC83)))) | Y83: =IF(AND(X83<>"", AO83<>""),X83-AO83,0) -> 0 | AA83: =IF(AK83+BC83+BT83+CK83-Z83>=0,AK83+BC83+BT83+CK83-Z83,0) -> 0 | AJ83: =IF(AK83=0,0,AK83/AQ83/7) -> 0 | BB83: =IF(BC83=0,0,BC83/BH83/7) -> 0 | BS83: =IF(BT83=0,0,BT83/BY83/7) -> 0 | CJ83: =IF(CK83=0,0,CK83/CP83/7) -> 0
B84: The End
B87: 注：不在如下列表的Driver/APP/FW, 可以手動加在下面
B89: BIOS | C89: VBIOS | D89: Driver | E89: APP | F89: FW
B90: BIOS | C90: VBIOS | D90: Chipset Driver | E90: PC manager | F90: Scalar FW
D91: VGA Driver | E91: Lenovo Vantage | F91: LA3
D92: Audio Driver | E92: Tianxi
D93: BT Driver | E93: AI Now
D94: Wlan Driver | E94: Qira
D95: Audio Driver | E95: Legion Zone
D96: MEP driver | E96: Legion Space
D97: KB Driver
D98: IST Driver
D99: Dispatcher

Sheet Summary 
C2: SW Sustain Task Distributed By Customer
C3: Customer | D3: Pass | E3: Fail | F3: Ongoing | G3: Planning | H3: Total
C4: C38 NB | D4: =COUNTIFS('SW Sustain Tracking'!W:W,"Pass",'SW Sustain Tracking'!E:E,$C4)+COUNTIFS('SW Sustain Tracking'!W:W,"Conditional Pass",'SW Sustain Tracking'!E:E,$C4) -> 19 | E4: =COUNTIFS('SW Sustain Tracking'!W:W,"Fail",'SW Sustain Tracking'!E:E,$C4) -> 2 | F4: =COUNTIFS('SW Sustain Tracking'!W:W,"Testing",'SW Sustain Tracking'!E:E,$C4)+COUNTIFS('SW Sustain Tracking'!W:W,"Pending",'SW Sustain Tracking'!E:E,$C4) -> 23 | G4: =COUNTIFS('SW Sustain Tracking'!W:W,"Planning",'SW Sustain Tracking'!E:E,$C4) -> 4 | H4: =SUM(D4:G4) -> 48
C5: C38 AIO | D5: =COUNTIFS('SW Sustain Tracking'!W:W,"Pass",'SW Sustain Tracking'!E:E,$C5)+COUNTIFS('SW Sustain Tracking'!W:W,"Conditional Pass",'SW Sustain Tracking'!E:E,$C5) -> 13 | E5: =COUNTIFS('SW Sustain Tracking'!W:W,"Fail",'SW Sustain Tracking'!E:E,$C5) -> 2 | F5: =COUNTIFS('SW Sustain Tracking'!W:W,"Testing",'SW Sustain Tracking'!E:E,$C5)+COUNTIFS('SW Sustain Tracking'!W:W,"Pending",'SW Sustain Tracking'!E:E,$C5) -> 4 | G5: =COUNTIFS('SW Sustain Tracking'!W:W,"Planning",'SW Sustain Tracking'!E:E,$C5) -> 5 | H5: =SUM(D5:G5) -> 24
C6: Total | D6: =SUM(D4:D5) -> 32 | E6: =SUM(E4:E5) -> 4 | F6: =SUM(F4:F5) -> 27 | G6: =SUM(G4:G5) -> 9 | H6: =SUM(H4:H5) -> 72
C8: SW Sustain Test Task Distributed By Customer(Include New Test and Regression Test)
C9: Customer | D9: Pass | E9: Fail | F9: Ongoing | G9: Planning | H9: Total
C10: C38 NB | D10: =COUNTIFS('SW Sustain Tracking'!AC:AC,"Pass",'SW Sustain Tracking'!E:E,$C10)+COUNTIFS('SW Sustain Tracking'!AC:AC,"Conditional Pass",'SW Sustain Tracking'!E:E,$C10)+COUNTIFS('SW Sustain Tracking'!AU:AU,"Pass",'SW Sustain Tracking'!E:E,$C10)+COUNTIFS('SW Sustain Tracking'!AU:AU,"Conditional Pass",'SW Sustain Tracking'!E:E,$C10)+COUNTIFS('SW Sustain Tracking'!BL:BL,"Pass",'SW Sustain Tracking'!E:E,$C10)+COUNTIFS('SW Sustain Tracking'!BL:BL,"Conditional Pass",'SW Sustain Tracking'!E:E,$C10)+COUNTIFS('SW Sustain Tracking'!CC:CC,"Pass",'SW Sustain Tracking'!E:E,$C10)+COUNTIFS('SW Sustain Tracking'!CC:CC,"Conditional Pass",'SW Sustain Tracking'!E:E,$C10) -> 19 | E10: =COUNTIFS('SW Sustain Tracking'!AC:AC,"Fail",'SW Sustain Tracking'!E:E,$C10)+COUNTIFS('SW Sustain Tracking'!AU:AU,"Fail",'SW Sustain Tracking'!E:E,$C10)+COUNTIFS('SW Sustain Tracking'!BL:BL,"Fail",'SW Sustain Tracking'!E:E,$C10)+COUNTIFS('SW Sustain Tracking'!CC:CC,"Fail",'SW Sustain Tracking'!E:E,$C10) -> 9 | F10: =COUNTIFS('SW Sustain Tracking'!AC:AC,"Testing",'SW Sustain Tracking'!E:E,$C10)+COUNTIFS('SW Sustain Tracking'!AC:AC,"Pending",'SW Sustain Tracking'!E:E,$C10)+COUNTIFS('SW Sustain Tracking'!AU:AU,"Testing",'SW Sustain Tracking'!E:E,$C10)+COUNTIFS('SW Sustain Tracking'!AU:AU,"Pending",'SW Sustain Tracking'!E:E,$C10)+COUNTIFS('SW Sustain Tracking'!BL:BL,"Testing",'SW Sustain Tracking'!E:E,$C10)+COUNTIFS('SW Sustain Tracking'!BL:BL,"Pending",'SW Sustain Tracking'!E:E,$C10)+COUNTIFS('SW Sustain Tracking'!CC:CC,"Testing",'SW Sustain Tracking'!E:E,$C10)+COUNTIFS('SW Sustain Tracking'!CC:CC,"Pending",'SW Sustain Tracking'!E:E,$C10) -> 23 | G10: =COUNTIFS('SW Sustain Tracking'!AC:AC,"Planning",'SW Sustain Tracking'!E:E,$C10)+COUNTIFS('SW Sustain Tracking'!AU:AU,"Planning",'SW Sustain Tracking'!E:E,$C10)+COUNTIFS('SW Sustain Tracking'!BL:BL,"Planning",'SW Sustain Tracking'!E:E,$C10)+COUNTIFS('SW Sustain Tracking'!CC:CC,"Planning",'SW Sustain Tracking'!E:E,$C10) -> 4 | H10: =SUM(D10:G10) -> 55
C11: C38 AIO | D11: =COUNTIFS('SW Sustain Tracking'!AC:AC,"Pass",'SW Sustain Tracking'!E:E,$C11)+COUNTIFS('SW Sustain Tracking'!AC:AC,"Conditional Pass",'SW Sustain Tracking'!E:E,$C11)+COUNTIFS('SW Sustain Tracking'!AU:AU,"Pass",'SW Sustain Tracking'!E:E,$C11)+COUNTIFS('SW Sustain Tracking'!AU:AU,"Conditional Pass",'SW Sustain Tracking'!E:E,$C11)+COUNTIFS('SW Sustain Tracking'!BL:BL,"Pass",'SW Sustain Tracking'!E:E,$C11)+COUNTIFS('SW Sustain Tracking'!BL:BL,"Conditional Pass",'SW Sustain Tracking'!E:E,$C11)+COUNTIFS('SW Sustain Tracking'!CC:CC,"Pass",'SW Sustain Tracking'!E:E,$C11)+COUNTIFS('SW Sustain Tracking'!CC:CC,"Conditional Pass",'SW Sustain Tracking'!E:E,$C11) -> 13 | E11: =COUNTIFS('SW Sustain Tracking'!AC:AC,"Fail",'SW Sustain Tracking'!E:E,$C11)+COUNTIFS('SW Sustain Tracking'!AU:AU,"Fail",'SW Sustain Tracking'!E:E,$C11)+COUNTIFS('SW Sustain Tracking'!BL:BL,"Fail",'SW Sustain Tracking'!E:E,$C11)+COUNTIFS('SW Sustain Tracking'!CC:CC,"Fail",'SW Sustain Tracking'!E:E,$C11) -> 6 | F11: =COUNTIFS('SW Sustain Tracking'!AC:AC,"Testing",'SW Sustain Tracking'!E:E,$C11)+COUNTIFS('SW Sustain Tracking'!AC:AC,"Pending",'SW Sustain Tracking'!E:E,$C11)+COUNTIFS('SW Sustain Tracking'!AU:AU,"Testing",'SW Sustain Tracking'!E:E,$C11)+COUNTIFS('SW Sustain Tracking'!AU:AU,"Pending",'SW Sustain Tracking'!E:E,$C11)+COUNTIFS('SW Sustain Tracking'!BL:BL,"Testing",'SW Sustain Tracking'!E:E,$C11)+COUNTIFS('SW Sustain Tracking'!BL:BL,"Pending",'SW Sustain Tracking'!E:E,$C11)+COUNTIFS('SW Sustain Tracking'!CC:CC,"Testing",'SW Sustain Tracking'!E:E,$C11)+COUNTIFS('SW Sustain Tracking'!CC:CC,"Pending",'SW Sustain Tracking'!E:E,$C11) -> 4 | G11: =COUNTIFS('SW Sustain Tracking'!AC:AC,"Planning",'SW Sustain Tracking'!E:E,$C11)+COUNTIFS('SW Sustain Tracking'!AU:AU,"Planning",'SW Sustain Tracking'!E:E,$C11)+COUNTIFS('SW Sustain Tracking'!BL:BL,"Planning",'SW Sustain Tracking'!E:E,$C11)+COUNTIFS('SW Sustain Tracking'!CC:CC,"Planning",'SW Sustain Tracking'!E:E,$C11) -> 5 | H11: =SUM(D11:G11) -> 28
C12: Total | D12: =SUM(D10:D11) -> 32 | E12: =SUM(E10:E11) -> 15 | F12: =SUM(F10:F11) -> 27 | G12: =SUM(G10:G11) -> 9 | H12: =SUM(H10:H11) -> 83
C14: SW Sustain Distributed By Customer and Month
C15: Month | D15: New Test | G15: Regression Test | J15: Total
D16: C38 NB | E16: C38 AIO | F16: Total | G16: C38 NB | H16: C38 AIO | I16: Total
C17: Jan | D17: =COUNTIFS('SW Sustain Tracking'!$E:$E,$D$16,'SW Sustain Tracking'!$D:$D,$C17,'SW Sustain Tracking'!$AB:$AB,"New Test") -> 0 | E17: =COUNTIFS('SW Sustain Tracking'!$E:$E,$E$16,'SW Sustain Tracking'!$D:$D,$C17,'SW Sustain Tracking'!$AB:$AB,"New Test") -> 0 | F17: =SUM(C17:E17) -> 0 | G17: =COUNTIFS('SW Sustain Tracking'!$E:$E,$G$16,'SW Sustain Tracking'!$D:$D,$C17,'SW Sustain Tracking'!$AT:$AT,"Regression1")+COUNTIFS('SW Sustain Tracking'!$E:$E,$G$16,'SW Sustain Tracking'!$D:$D,$C17,'SW Sustain Tracking'!$BK:$BK,"Regression2")+COUNTIFS('SW Sustain Tracking'!$E:$E,$G$16,'SW Sustain Tracking'!$D:$D,$C17,'SW Sustain Tracking'!$CB:$CB,"Regression3") -> 0 | H17: =COUNTIFS('SW Sustain Tracking'!$E:$E,$H$16,'SW Sustain Tracking'!$D:$D,$C17,'SW Sustain Tracking'!$AT:$AT,"Regression1")+COUNTIFS('SW Sustain Tracking'!$E:$E,$H$16,'SW Sustain Tracking'!$D:$D,$C17,'SW Sustain Tracking'!$BK:$BK,"Regression2")+COUNTIFS('SW Sustain Tracking'!$E:$E,$H$16,'SW Sustain Tracking'!$D:$D,$C17,'SW Sustain Tracking'!$CB:$CB,"Regression3") -> 0 | I17: =SUM(G17:H17) -> 0 | J17: =F17+I17 -> 0
C18: Feb | D18: =COUNTIFS('SW Sustain Tracking'!$E:$E,$D$16,'SW Sustain Tracking'!$D:$D,$C18,'SW Sustain Tracking'!$AB:$AB,"New Test") -> 0 | E18: =COUNTIFS('SW Sustain Tracking'!$E:$E,$E$16,'SW Sustain Tracking'!$D:$D,$C18,'SW Sustain Tracking'!$AB:$AB,"New Test") -> 0 | F18: =SUM(C18:E18) -> 0 | G18: =COUNTIFS('SW Sustain Tracking'!$E:$E,$G$16,'SW Sustain Tracking'!$D:$D,$C18,'SW Sustain Tracking'!$AT:$AT,"Regression1")+COUNTIFS('SW Sustain Tracking'!$E:$E,$G$16,'SW Sustain Tracking'!$D:$D,$C18,'SW Sustain Tracking'!$BK:$BK,"Regression2")+COUNTIFS('SW Sustain Tracking'!$E:$E,$G$16,'SW Sustain Tracking'!$D:$D,$C18,'SW Sustain Tracking'!$CB:$CB,"Regression3") -> 0 | H18: =COUNTIFS('SW Sustain Tracking'!$E:$E,$H$16,'SW Sustain Tracking'!$D:$D,$C18,'SW Sustain Tracking'!$AT:$AT,"Regression1")+COUNTIFS('SW Sustain Tracking'!$E:$E,$H$16,'SW Sustain Tracking'!$D:$D,$C18,'SW Sustain Tracking'!$BK:$BK,"Regression2")+COUNTIFS('SW Sustain Tracking'!$E:$E,$H$16,'SW Sustain Tracking'!$D:$D,$C18,'SW Sustain Tracking'!$CB:$CB,"Regression3") -> 0 | I18: =SUM(G18:H18) -> 0 | J18: =F18+I18 -> 0
C19: Mar | D19: =COUNTIFS('SW Sustain Tracking'!$E:$E,$D$16,'SW Sustain Tracking'!$D:$D,$C19,'SW Sustain Tracking'!$AB:$AB,"New Test") -> 0 | E19: =COUNTIFS('SW Sustain Tracking'!$E:$E,$E$16,'SW Sustain Tracking'!$D:$D,$C19,'SW Sustain Tracking'!$AB:$AB,"New Test") -> 0 | F19: =SUM(C19:E19) -> 0 | G19: =COUNTIFS('SW Sustain Tracking'!$E:$E,$G$16,'SW Sustain Tracking'!$D:$D,$C19,'SW Sustain Tracking'!$AT:$AT,"Regression1")+COUNTIFS('SW Sustain Tracking'!$E:$E,$G$16,'SW Sustain Tracking'!$D:$D,$C19,'SW Sustain Tracking'!$BK:$BK,"Regression2")+COUNTIFS('SW Sustain Tracking'!$E:$E,$G$16,'SW Sustain Tracking'!$D:$D,$C19,'SW Sustain Tracking'!$CB:$CB,"Regression3") -> 0 | H19: =COUNTIFS('SW Sustain Tracking'!$E:$E,$H$16,'SW Sustain Tracking'!$D:$D,$C19,'SW Sustain Tracking'!$AT:$AT,"Regression1")+COUNTIFS('SW Sustain Tracking'!$E:$E,$H$16,'SW Sustain Tracking'!$D:$D,$C19,'SW Sustain Tracking'!$BK:$BK,"Regression2")+COUNTIFS('SW Sustain Tracking'!$E:$E,$H$16,'SW Sustain Tracking'!$D:$D,$C19,'SW Sustain Tracking'!$CB:$CB,"Regression3") -> 0 | I19: =SUM(G19:H19) -> 0 | J19: =F19+I19 -> 0
C20: Apr | D20: =COUNTIFS('SW Sustain Tracking'!$E:$E,$D$16,'SW Sustain Tracking'!$D:$D,$C20,'SW Sustain Tracking'!$AB:$AB,"New Test") -> 25 | E20: =COUNTIFS('SW Sustain Tracking'!$E:$E,$E$16,'SW Sustain Tracking'!$D:$D,$C20,'SW Sustain Tracking'!$AB:$AB,"New Test") -> 10 | F20: =SUM(C20:E20) -> 35 | G20: =COUNTIFS('SW Sustain Tracking'!$E:$E,$G$16,'SW Sustain Tracking'!$D:$D,$C20,'SW Sustain Tracking'!$AT:$AT,"Regression1")+COUNTIFS('SW Sustain Tracking'!$E:$E,$G$16,'SW Sustain Tracking'!$D:$D,$C20,'SW Sustain Tracking'!$BK:$BK,"Regression2")+COUNTIFS('SW Sustain Tracking'!$E:$E,$G$16,'SW Sustain Tracking'!$D:$D,$C20,'SW Sustain Tracking'!$CB:$CB,"Regression3") -> 5 | H20: =COUNTIFS('SW Sustain Tracking'!$E:$E,$H$16,'SW Sustain Tracking'!$D:$D,$C20,'SW Sustain Tracking'!$AT:$AT,"Regression1")+COUNTIFS('SW Sustain Tracking'!$E:$E,$H$16,'SW Sustain Tracking'!$D:$D,$C20,'SW Sustain Tracking'!$BK:$BK,"Regression2")+COUNTIFS('SW Sustain Tracking'!$E:$E,$H$16,'SW Sustain Tracking'!$D:$D,$C20,'SW Sustain Tracking'!$CB:$CB,"Regression3") -> 3 | I20: =SUM(G20:H20) -> 8 | J20: =F20+I20 -> 43
C21: May | D21: =COUNTIFS('SW Sustain Tracking'!$E:$E,$D$16,'SW Sustain Tracking'!$D:$D,$C21,'SW Sustain Tracking'!$AB:$AB,"New Test") -> 19 | E21: =COUNTIFS('SW Sustain Tracking'!$E:$E,$E$16,'SW Sustain Tracking'!$D:$D,$C21,'SW Sustain Tracking'!$AB:$AB,"New Test") -> 14 | F21: =SUM(C21:E21) -> 33 | G21: =COUNTIFS('SW Sustain Tracking'!$E:$E,$G$16,'SW Sustain Tracking'!$D:$D,$C21,'SW Sustain Tracking'!$AT:$AT,"Regression1")+COUNTIFS('SW Sustain Tracking'!$E:$E,$G$16,'SW Sustain Tracking'!$D:$D,$C21,'SW Sustain Tracking'!$BK:$BK,"Regression2")+COUNTIFS('SW Sustain Tracking'!$E:$E,$G$16,'SW Sustain Tracking'!$D:$D,$C21,'SW Sustain Tracking'!$CB:$CB,"Regression3") -> 2 | H21: =COUNTIFS('SW Sustain Tracking'!$E:$E,$H$16,'SW Sustain Tracking'!$D:$D,$C21,'SW Sustain Tracking'!$AT:$AT,"Regression1")+COUNTIFS('SW Sustain Tracking'!$E:$E,$H$16,'SW Sustain Tracking'!$D:$D,$C21,'SW Sustain Tracking'!$BK:$BK,"Regression2")+COUNTIFS('SW Sustain Tracking'!$E:$E,$H$16,'SW Sustain Tracking'!$D:$D,$C21,'SW Sustain Tracking'!$CB:$CB,"Regression3") -> 1 | I21: =SUM(G21:H21) -> 3 | J21: =F21+I21 -> 36
C22: Jun | D22: =COUNTIFS('SW Sustain Tracking'!$E:$E,$D$16,'SW Sustain Tracking'!$D:$D,$C22,'SW Sustain Tracking'!$AB:$AB,"New Test") -> 4 | E22: =COUNTIFS('SW Sustain Tracking'!$E:$E,$E$16,'SW Sustain Tracking'!$D:$D,$C22,'SW Sustain Tracking'!$AB:$AB,"New Test") -> 0 | F22: =SUM(C22:E22) -> 4 | G22: =COUNTIFS('SW Sustain Tracking'!$E:$E,$G$16,'SW Sustain Tracking'!$D:$D,$C22,'SW Sustain Tracking'!$AT:$AT,"Regression1")+COUNTIFS('SW Sustain Tracking'!$E:$E,$G$16,'SW Sustain Tracking'!$D:$D,$C22,'SW Sustain Tracking'!$BK:$BK,"Regression2")+COUNTIFS('SW Sustain Tracking'!$E:$E,$G$16,'SW Sustain Tracking'!$D:$D,$C22,'SW Sustain Tracking'!$CB:$CB,"Regression3") -> 0 | H22: =COUNTIFS('SW Sustain Tracking'!$E:$E,$H$16,'SW Sustain Tracking'!$D:$D,$C22,'SW Sustain Tracking'!$AT:$AT,"Regression1")+COUNTIFS('SW Sustain Tracking'!$E:$E,$H$16,'SW Sustain Tracking'!$D:$D,$C22,'SW Sustain Tracking'!$BK:$BK,"Regression2")+COUNTIFS('SW Sustain Tracking'!$E:$E,$H$16,'SW Sustain Tracking'!$D:$D,$C22,'SW Sustain Tracking'!$CB:$CB,"Regression3") -> 0 | I22: =SUM(G22:H22) -> 0 | J22: =F22+I22 -> 4
C23: Jul | D23: =COUNTIFS('SW Sustain Tracking'!$E:$E,$D$16,'SW Sustain Tracking'!$D:$D,$C23,'SW Sustain Tracking'!$AB:$AB,"New Test") -> 0 | E23: =COUNTIFS('SW Sustain Tracking'!$E:$E,$E$16,'SW Sustain Tracking'!$D:$D,$C23,'SW Sustain Tracking'!$AB:$AB,"New Test") -> 0 | F23: =SUM(C23:E23) -> 0 | G23: =COUNTIFS('SW Sustain Tracking'!$E:$E,$G$16,'SW Sustain Tracking'!$D:$D,$C23,'SW Sustain Tracking'!$AT:$AT,"Regression1")+COUNTIFS('SW Sustain Tracking'!$E:$E,$G$16,'SW Sustain Tracking'!$D:$D,$C23,'SW Sustain Tracking'!$BK:$BK,"Regression2")+COUNTIFS('SW Sustain Tracking'!$E:$E,$G$16,'SW Sustain Tracking'!$D:$D,$C23,'SW Sustain Tracking'!$CB:$CB,"Regression3") -> 0 | H23: =COUNTIFS('SW Sustain Tracking'!$E:$E,$H$16,'SW Sustain Tracking'!$D:$D,$C23,'SW Sustain Tracking'!$AT:$AT,"Regression1")+COUNTIFS('SW Sustain Tracking'!$E:$E,$H$16,'SW Sustain Tracking'!$D:$D,$C23,'SW Sustain Tracking'!$BK:$BK,"Regression2")+COUNTIFS('SW Sustain Tracking'!$E:$E,$H$16,'SW Sustain Tracking'!$D:$D,$C23,'SW Sustain Tracking'!$CB:$CB,"Regression3") -> 0 | I23: =SUM(G23:H23) -> 0 | J23: =F23+I23 -> 0
C24: Aug | D24: =COUNTIFS('SW Sustain Tracking'!$E:$E,$D$16,'SW Sustain Tracking'!$D:$D,$C24,'SW Sustain Tracking'!$AB:$AB,"New Test") -> 0 | E24: =COUNTIFS('SW Sustain Tracking'!$E:$E,$E$16,'SW Sustain Tracking'!$D:$D,$C24,'SW Sustain Tracking'!$AB:$AB,"New Test") -> 0 | F24: =SUM(C24:E24) -> 0 | G24: =COUNTIFS('SW Sustain Tracking'!$E:$E,$G$16,'SW Sustain Tracking'!$D:$D,$C24,'SW Sustain Tracking'!$AT:$AT,"Regression1")+COUNTIFS('SW Sustain Tracking'!$E:$E,$G$16,'SW Sustain Tracking'!$D:$D,$C24,'SW Sustain Tracking'!$BK:$BK,"Regression2")+COUNTIFS('SW Sustain Tracking'!$E:$E,$G$16,'SW Sustain Tracking'!$D:$D,$C24,'SW Sustain Tracking'!$CB:$CB,"Regression3") -> 0 | H24: =COUNTIFS('SW Sustain Tracking'!$E:$E,$H$16,'SW Sustain Tracking'!$D:$D,$C24,'SW Sustain Tracking'!$AT:$AT,"Regression1")+COUNTIFS('SW Sustain Tracking'!$E:$E,$H$16,'SW Sustain Tracking'!$D:$D,$C24,'SW Sustain Tracking'!$BK:$BK,"Regression2")+COUNTIFS('SW Sustain Tracking'!$E:$E,$H$16,'SW Sustain Tracking'!$D:$D,$C24,'SW Sustain Tracking'!$CB:$CB,"Regression3") -> 0 | I24: =SUM(G24:H24) -> 0 | J24: =F24+I24 -> 0
C25: Sep | D25: =COUNTIFS('SW Sustain Tracking'!$E:$E,$D$16,'SW Sustain Tracking'!$D:$D,$C25,'SW Sustain Tracking'!$AB:$AB,"New Test") -> 0 | E25: =COUNTIFS('SW Sustain Tracking'!$E:$E,$E$16,'SW Sustain Tracking'!$D:$D,$C25,'SW Sustain Tracking'!$AB:$AB,"New Test") -> 0 | F25: =SUM(C25:E25) -> 0 | G25: =COUNTIFS('SW Sustain Tracking'!$E:$E,$G$16,'SW Sustain Tracking'!$D:$D,$C25,'SW Sustain Tracking'!$AT:$AT,"Regression1")+COUNTIFS('SW Sustain Tracking'!$E:$E,$G$16,'SW Sustain Tracking'!$D:$D,$C25,'SW Sustain Tracking'!$BK:$BK,"Regression2")+COUNTIFS('SW Sustain Tracking'!$E:$E,$G$16,'SW Sustain Tracking'!$D:$D,$C25,'SW Sustain Tracking'!$CB:$CB,"Regression3") -> 0 | H25: =COUNTIFS('SW Sustain Tracking'!$E:$E,$H$16,'SW Sustain Tracking'!$D:$D,$C25,'SW Sustain Tracking'!$AT:$AT,"Regression1")+COUNTIFS('SW Sustain Tracking'!$E:$E,$H$16,'SW Sustain Tracking'!$D:$D,$C25,'SW Sustain Tracking'!$BK:$BK,"Regression2")+COUNTIFS('SW Sustain Tracking'!$E:$E,$H$16,'SW Sustain Tracking'!$D:$D,$C25,'SW Sustain Tracking'!$CB:$CB,"Regression3") -> 0 | I25: =SUM(G25:H25) -> 0 | J25: =F25+I25 -> 0
C26: Oct | D26: =COUNTIFS('SW Sustain Tracking'!$E:$E,$D$16,'SW Sustain Tracking'!$D:$D,$C26,'SW Sustain Tracking'!$AB:$AB,"New Test") -> 0 | E26: =COUNTIFS('SW Sustain Tracking'!$E:$E,$E$16,'SW Sustain Tracking'!$D:$D,$C26,'SW Sustain Tracking'!$AB:$AB,"New Test") -> 0 | F26: =SUM(C26:E26) -> 0 | G26: =COUNTIFS('SW Sustain Tracking'!$E:$E,$G$16,'SW Sustain Tracking'!$D:$D,$C26,'SW Sustain Tracking'!$AT:$AT,"Regression1")+COUNTIFS('SW Sustain Tracking'!$E:$E,$G$16,'SW Sustain Tracking'!$D:$D,$C26,'SW Sustain Tracking'!$BK:$BK,"Regression2")+COUNTIFS('SW Sustain Tracking'!$E:$E,$G$16,'SW Sustain Tracking'!$D:$D,$C26,'SW Sustain Tracking'!$CB:$CB,"Regression3") -> 0 | H26: =COUNTIFS('SW Sustain Tracking'!$E:$E,$H$16,'SW Sustain Tracking'!$D:$D,$C26,'SW Sustain Tracking'!$AT:$AT,"Regression1")+COUNTIFS('SW Sustain Tracking'!$E:$E,$H$16,'SW Sustain Tracking'!$D:$D,$C26,'SW Sustain Tracking'!$BK:$BK,"Regression2")+COUNTIFS('SW Sustain Tracking'!$E:$E,$H$16,'SW Sustain Tracking'!$D:$D,$C26,'SW Sustain Tracking'!$CB:$CB,"Regression3") -> 0 | I26: =SUM(G26:H26) -> 0 | J26: =F26+I26 -> 0
C27: Nov | D27: =COUNTIFS('SW Sustain Tracking'!$E:$E,$D$16,'SW Sustain Tracking'!$D:$D,$C27,'SW Sustain Tracking'!$AB:$AB,"New Test") -> 0 | E27: =COUNTIFS('SW Sustain Tracking'!$E:$E,$E$16,'SW Sustain Tracking'!$D:$D,$C27,'SW Sustain Tracking'!$AB:$AB,"New Test") -> 0 | F27: =SUM(C27:E27) -> 0 | G27: =COUNTIFS('SW Sustain Tracking'!$E:$E,$G$16,'SW Sustain Tracking'!$D:$D,$C27,'SW Sustain Tracking'!$AT:$AT,"Regression1")+COUNTIFS('SW Sustain Tracking'!$E:$E,$G$16,'SW Sustain Tracking'!$D:$D,$C27,'SW Sustain Tracking'!$BK:$BK,"Regression2")+COUNTIFS('SW Sustain Tracking'!$E:$E,$G$16,'SW Sustain Tracking'!$D:$D,$C27,'SW Sustain Tracking'!$CB:$CB,"Regression3") -> 0 | H27: =COUNTIFS('SW Sustain Tracking'!$E:$E,$H$16,'SW Sustain Tracking'!$D:$D,$C27,'SW Sustain Tracking'!$AT:$AT,"Regression1")+COUNTIFS('SW Sustain Tracking'!$E:$E,$H$16,'SW Sustain Tracking'!$D:$D,$C27,'SW Sustain Tracking'!$BK:$BK,"Regression2")+COUNTIFS('SW Sustain Tracking'!$E:$E,$H$16,'SW Sustain Tracking'!$D:$D,$C27,'SW Sustain Tracking'!$CB:$CB,"Regression3") -> 0 | I27: =SUM(G27:H27) -> 0 | J27: =F27+I27 -> 0
C28: Dec | D28: =COUNTIFS('SW Sustain Tracking'!$E:$E,$D$16,'SW Sustain Tracking'!$D:$D,$C28,'SW Sustain Tracking'!$AB:$AB,"New Test") -> 0 | E28: =COUNTIFS('SW Sustain Tracking'!$E:$E,$E$16,'SW Sustain Tracking'!$D:$D,$C28,'SW Sustain Tracking'!$AB:$AB,"New Test") -> 0 | F28: =SUM(C28:E28) -> 0 | G28: =COUNTIFS('SW Sustain Tracking'!$E:$E,$G$16,'SW Sustain Tracking'!$D:$D,$C28,'SW Sustain Tracking'!$AT:$AT,"Regression1")+COUNTIFS('SW Sustain Tracking'!$E:$E,$G$16,'SW Sustain Tracking'!$D:$D,$C28,'SW Sustain Tracking'!$BK:$BK,"Regression2")+COUNTIFS('SW Sustain Tracking'!$E:$E,$G$16,'SW Sustain Tracking'!$D:$D,$C28,'SW Sustain Tracking'!$CB:$CB,"Regression3") -> 0 | H28: =COUNTIFS('SW Sustain Tracking'!$E:$E,$H$16,'SW Sustain Tracking'!$D:$D,$C28,'SW Sustain Tracking'!$AT:$AT,"Regression1")+COUNTIFS('SW Sustain Tracking'!$E:$E,$H$16,'SW Sustain Tracking'!$D:$D,$C28,'SW Sustain Tracking'!$BK:$BK,"Regression2")+COUNTIFS('SW Sustain Tracking'!$E:$E,$H$16,'SW Sustain Tracking'!$D:$D,$C28,'SW Sustain Tracking'!$CB:$CB,"Regression3") -> 0 | I28: =SUM(G28:H28) -> 0 | J28: =F28+I28 -> 0
C29: Total | D29: =SUM(D17:D28) -> 48 | E29: =SUM(E17:E28) -> 24 | F29: =SUM(F17:F28) -> 72 | G29: =SUM(G17:G28) -> 7 | H29: =SUM(H17:H28) -> 4 | I29: =SUM(I17:I28) -> 11 | J29: =F29+I29 -> 83
C31: SW Sustain HC Distributed By Customer and Month
C32: Month | D32: New Test | G32: Regression Test | J32: Total
D33: C38 NB | E33: C38 AIO | F33: Total | G33: C38 NB | H33: C38 AIO | I33: Total
C34: Jan | D34: =SUMIFS('SW Sustain Tracking'!$AJ:$AJ,'SW Sustain Tracking'!$D:$D,$C34,'SW Sustain Tracking'!$E:$E,D$33) -> 0 | E34: =SUMIFS('SW Sustain Tracking'!$AJ:$AJ,'SW Sustain Tracking'!$D:$D,$C34,'SW Sustain Tracking'!$E:$E,E$33) -> 0 | F34: =SUM(D34:E34) -> 0 | G34: =SUMIFS('SW Sustain Tracking'!$BB:$BB,'SW Sustain Tracking'!$D:$D,$C34,'SW Sustain Tracking'!$E:$E,G$33)+SUMIFS('SW Sustain Tracking'!$BS:$BS,'SW Sustain Tracking'!$D:$D,$C34,'SW Sustain Tracking'!$E:$E,G$33)+SUMIFS('SW Sustain Tracking'!$CJ:$CJ,'SW Sustain Tracking'!$D:$D,$C34,'SW Sustain Tracking'!$E:$E,G$33) -> 0 | H34: =SUMIFS('SW Sustain Tracking'!$BB:$BB,'SW Sustain Tracking'!$D:$D,$C34,'SW Sustain Tracking'!$E:$E,H$33)+SUMIFS('SW Sustain Tracking'!$BS:$BS,'SW Sustain Tracking'!$D:$D,$C34,'SW Sustain Tracking'!$E:$E,H$33)+SUMIFS('SW Sustain Tracking'!$CJ:$CJ,'SW Sustain Tracking'!$D:$D,$C34,'SW Sustain Tracking'!$E:$E,H$33) -> 0 | I34: =SUM(G34:H34) -> 0 | J34: =F34+I34 -> 0
C35: Feb | D35: =SUMIFS('SW Sustain Tracking'!$AJ:$AJ,'SW Sustain Tracking'!$D:$D,$C35,'SW Sustain Tracking'!$E:$E,D$33) -> 0 | E35: =SUMIFS('SW Sustain Tracking'!$AJ:$AJ,'SW Sustain Tracking'!$D:$D,$C35,'SW Sustain Tracking'!$E:$E,E$33) -> 0 | F35: =SUM(D35:E35) -> 0 | G35: =SUMIFS('SW Sustain Tracking'!$BB:$BB,'SW Sustain Tracking'!$D:$D,$C35,'SW Sustain Tracking'!$E:$E,G$33)+SUMIFS('SW Sustain Tracking'!$BS:$BS,'SW Sustain Tracking'!$D:$D,$C35,'SW Sustain Tracking'!$E:$E,G$33)+SUMIFS('SW Sustain Tracking'!$CJ:$CJ,'SW Sustain Tracking'!$D:$D,$C35,'SW Sustain Tracking'!$E:$E,G$33) -> 0 | H35: =SUMIFS('SW Sustain Tracking'!$BB:$BB,'SW Sustain Tracking'!$D:$D,$C35,'SW Sustain Tracking'!$E:$E,H$33)+SUMIFS('SW Sustain Tracking'!$BS:$BS,'SW Sustain Tracking'!$D:$D,$C35,'SW Sustain Tracking'!$E:$E,H$33)+SUMIFS('SW Sustain Tracking'!$CJ:$CJ,'SW Sustain Tracking'!$D:$D,$C35,'SW Sustain Tracking'!$E:$E,H$33) -> 0 | I35: =SUM(G35:H35) -> 0 | J35: =F35+I35 -> 0
C36: Mar | D36: =SUMIFS('SW Sustain Tracking'!$AJ:$AJ,'SW Sustain Tracking'!$D:$D,$C36,'SW Sustain Tracking'!$E:$E,D$33) -> 0 | E36: =SUMIFS('SW Sustain Tracking'!$AJ:$AJ,'SW Sustain Tracking'!$D:$D,$C36,'SW Sustain Tracking'!$E:$E,E$33) -> 0 | F36: =SUM(D36:E36) -> 0 | G36: =SUMIFS('SW Sustain Tracking'!$BB:$BB,'SW Sustain Tracking'!$D:$D,$C36,'SW Sustain Tracking'!$E:$E,G$33)+SUMIFS('SW Sustain Tracking'!$BS:$BS,'SW Sustain Tracking'!$D:$D,$C36,'SW Sustain Tracking'!$E:$E,G$33)+SUMIFS('SW Sustain Tracking'!$CJ:$CJ,'SW Sustain Tracking'!$D:$D,$C36,'SW Sustain Tracking'!$E:$E,G$33) -> 0 | H36: =SUMIFS('SW Sustain Tracking'!$BB:$BB,'SW Sustain Tracking'!$D:$D,$C36,'SW Sustain Tracking'!$E:$E,H$33)+SUMIFS('SW Sustain Tracking'!$BS:$BS,'SW Sustain Tracking'!$D:$D,$C36,'SW Sustain Tracking'!$E:$E,H$33)+SUMIFS('SW Sustain Tracking'!$CJ:$CJ,'SW Sustain Tracking'!$D:$D,$C36,'SW Sustain Tracking'!$E:$E,H$33) -> 0 | I36: =SUM(G36:H36) -> 0 | J36: =F36+I36 -> 0
C37: Apr | D37: =SUMIFS('SW Sustain Tracking'!$AJ:$AJ,'SW Sustain Tracking'!$D:$D,$C37,'SW Sustain Tracking'!$E:$E,D$33) -> 36.288027 | E37: =SUMIFS('SW Sustain Tracking'!$AJ:$AJ,'SW Sustain Tracking'!$D:$D,$C37,'SW Sustain Tracking'!$E:$E,E$33) -> 14.283095 | F37: =SUM(D37:E37) -> 50.571122 | G37: =SUMIFS('SW Sustain Tracking'!$BB:$BB,'SW Sustain Tracking'!$D:$D,$C37,'SW Sustain Tracking'!$E:$E,G$33)+SUMIFS('SW Sustain Tracking'!$BS:$BS,'SW Sustain Tracking'!$D:$D,$C37,'SW Sustain Tracking'!$E:$E,G$33)+SUMIFS('SW Sustain Tracking'!$CJ:$CJ,'SW Sustain Tracking'!$D:$D,$C37,'SW Sustain Tracking'!$E:$E,G$33) -> #DIV/0! | H37: =SUMIFS('SW Sustain Tracking'!$BB:$BB,'SW Sustain Tracking'!$D:$D,$C37,'SW Sustain Tracking'!$E:$E,H$33)+SUMIFS('SW Sustain Tracking'!$BS:$BS,'SW Sustain Tracking'!$D:$D,$C37,'SW Sustain Tracking'!$E:$E,H$33)+SUMIFS('SW Sustain Tracking'!$CJ:$CJ,'SW Sustain Tracking'!$D:$D,$C37,'SW Sustain Tracking'!$E:$E,H$33) -> 2.4428571 | I37: =SUM(G37:H37) -> #DIV/0! | J37: =F37+I37 -> #DIV/0!
C38: May | D38: =SUMIFS('SW Sustain Tracking'!$AJ:$AJ,'SW Sustain Tracking'!$D:$D,$C38,'SW Sustain Tracking'!$E:$E,D$33) -> 28.757075 | E38: =SUMIFS('SW Sustain Tracking'!$AJ:$AJ,'SW Sustain Tracking'!$D:$D,$C38,'SW Sustain Tracking'!$E:$E,E$33) -> 12.01102 | F38: =SUM(D38:E38) -> 40.768095 | G38: =SUMIFS('SW Sustain Tracking'!$BB:$BB,'SW Sustain Tracking'!$D:$D,$C38,'SW Sustain Tracking'!$E:$E,G$33)+SUMIFS('SW Sustain Tracking'!$BS:$BS,'SW Sustain Tracking'!$D:$D,$C38,'SW Sustain Tracking'!$E:$E,G$33)+SUMIFS('SW Sustain Tracking'!$CJ:$CJ,'SW Sustain Tracking'!$D:$D,$C38,'SW Sustain Tracking'!$E:$E,G$33) -> 2.7142857 | H38: =SUMIFS('SW Sustain Tracking'!$BB:$BB,'SW Sustain Tracking'!$D:$D,$C38,'SW Sustain Tracking'!$E:$E,H$33)+SUMIFS('SW Sustain Tracking'!$BS:$BS,'SW Sustain Tracking'!$D:$D,$C38,'SW Sustain Tracking'!$E:$E,H$33)+SUMIFS('SW Sustain Tracking'!$CJ:$CJ,'SW Sustain Tracking'!$D:$D,$C38,'SW Sustain Tracking'!$E:$E,H$33) -> 0.86428571 | I38: =SUM(G38:H38) -> 3.5785714 | J38: =F38+I38 -> 44.346667
C39: Jun | D39: =SUMIFS('SW Sustain Tracking'!$AJ:$AJ,'SW Sustain Tracking'!$D:$D,$C39,'SW Sustain Tracking'!$E:$E,D$33) -> 1.1809524 | E39: =SUMIFS('SW Sustain Tracking'!$AJ:$AJ,'SW Sustain Tracking'!$D:$D,$C39,'SW Sustain Tracking'!$E:$E,E$33) -> 0 | F39: =SUM(D39:E39) -> 1.1809524 | G39: =SUMIFS('SW Sustain Tracking'!$BB:$BB,'SW Sustain Tracking'!$D:$D,$C39,'SW Sustain Tracking'!$E:$E,G$33)+SUMIFS('SW Sustain Tracking'!$BS:$BS,'SW Sustain Tracking'!$D:$D,$C39,'SW Sustain Tracking'!$E:$E,G$33)+SUMIFS('SW Sustain Tracking'!$CJ:$CJ,'SW Sustain Tracking'!$D:$D,$C39,'SW Sustain Tracking'!$E:$E,G$33) -> 0 | H39: =SUMIFS('SW Sustain Tracking'!$BB:$BB,'SW Sustain Tracking'!$D:$D,$C39,'SW Sustain Tracking'!$E:$E,H$33)+SUMIFS('SW Sustain Tracking'!$BS:$BS,'SW Sustain Tracking'!$D:$D,$C39,'SW Sustain Tracking'!$E:$E,H$33)+SUMIFS('SW Sustain Tracking'!$CJ:$CJ,'SW Sustain Tracking'!$D:$D,$C39,'SW Sustain Tracking'!$E:$E,H$33) -> 0 | I39: =SUM(G39:H39) -> 0 | J39: =F39+I39 -> 1.1809524
C40: Jul | D40: =SUMIFS('SW Sustain Tracking'!$AJ:$AJ,'SW Sustain Tracking'!$D:$D,$C40,'SW Sustain Tracking'!$E:$E,D$33) -> 0 | E40: =SUMIFS('SW Sustain Tracking'!$AJ:$AJ,'SW Sustain Tracking'!$D:$D,$C40,'SW Sustain Tracking'!$E:$E,E$33) -> 0 | F40: =SUM(D40:E40) -> 0 | G40: =SUMIFS('SW Sustain Tracking'!$BB:$BB,'SW Sustain Tracking'!$D:$D,$C40,'SW Sustain Tracking'!$E:$E,G$33)+SUMIFS('SW Sustain Tracking'!$BS:$BS,'SW Sustain Tracking'!$D:$D,$C40,'SW Sustain Tracking'!$E:$E,G$33)+SUMIFS('SW Sustain Tracking'!$CJ:$CJ,'SW Sustain Tracking'!$D:$D,$C40,'SW Sustain Tracking'!$E:$E,G$33) -> 0 | H40: =SUMIFS('SW Sustain Tracking'!$BB:$BB,'SW Sustain Tracking'!$D:$D,$C40,'SW Sustain Tracking'!$E:$E,H$33)+SUMIFS('SW Sustain Tracking'!$BS:$BS,'SW Sustain Tracking'!$D:$D,$C40,'SW Sustain Tracking'!$E:$E,H$33)+SUMIFS('SW Sustain Tracking'!$CJ:$CJ,'SW Sustain Tracking'!$D:$D,$C40,'SW Sustain Tracking'!$E:$E,H$33) -> 0 | I40: =SUM(G40:H40) -> 0 | J40: =F40+I40 -> 0
C41: Aug | D41: =SUMIFS('SW Sustain Tracking'!$AJ:$AJ,'SW Sustain Tracking'!$D:$D,$C41,'SW Sustain Tracking'!$E:$E,D$33) -> 0 | E41: =SUMIFS('SW Sustain Tracking'!$AJ:$AJ,'SW Sustain Tracking'!$D:$D,$C41,'SW Sustain Tracking'!$E:$E,E$33) -> 0 | F41: =SUM(D41:E41) -> 0 | G41: =SUMIFS('SW Sustain Tracking'!$BB:$BB,'SW Sustain Tracking'!$D:$D,$C41,'SW Sustain Tracking'!$E:$E,G$33)+SUMIFS('SW Sustain Tracking'!$BS:$BS,'SW Sustain Tracking'!$D:$D,$C41,'SW Sustain Tracking'!$E:$E,G$33)+SUMIFS('SW Sustain Tracking'!$CJ:$CJ,'SW Sustain Tracking'!$D:$D,$C41,'SW Sustain Tracking'!$E:$E,G$33) -> 0 | H41: =SUMIFS('SW Sustain Tracking'!$BB:$BB,'SW Sustain Tracking'!$D:$D,$C41,'SW Sustain Tracking'!$E:$E,H$33)+SUMIFS('SW Sustain Tracking'!$BS:$BS,'SW Sustain Tracking'!$D:$D,$C41,'SW Sustain Tracking'!$E:$E,H$33)+SUMIFS('SW Sustain Tracking'!$CJ:$CJ,'SW Sustain Tracking'!$D:$D,$C41,'SW Sustain Tracking'!$E:$E,H$33) -> 0 | I41: =SUM(G41:H41) -> 0 | J41: =F41+I41 -> 0
C42: Sep | D42: =SUMIFS('SW Sustain Tracking'!$AJ:$AJ,'SW Sustain Tracking'!$D:$D,$C42,'SW Sustain Tracking'!$E:$E,D$33) -> 0 | E42: =SUMIFS('SW Sustain Tracking'!$AJ:$AJ,'SW Sustain Tracking'!$D:$D,$C42,'SW Sustain Tracking'!$E:$E,E$33) -> 0 | F42: =SUM(D42:E42) -> 0 | G42: =SUMIFS('SW Sustain Tracking'!$BB:$BB,'SW Sustain Tracking'!$D:$D,$C42,'SW Sustain Tracking'!$E:$E,G$33)+SUMIFS('SW Sustain Tracking'!$BS:$BS,'SW Sustain Tracking'!$D:$D,$C42,'SW Sustain Tracking'!$E:$E,G$33)+SUMIFS('SW Sustain Tracking'!$CJ:$CJ,'SW Sustain Tracking'!$D:$D,$C42,'SW Sustain Tracking'!$E:$E,G$33) -> 0 | H42: =SUMIFS('SW Sustain Tracking'!$BB:$BB,'SW Sustain Tracking'!$D:$D,$C42,'SW Sustain Tracking'!$E:$E,H$33)+SUMIFS('SW Sustain Tracking'!$BS:$BS,'SW Sustain Tracking'!$D:$D,$C42,'SW Sustain Tracking'!$E:$E,H$33)+SUMIFS('SW Sustain Tracking'!$CJ:$CJ,'SW Sustain Tracking'!$D:$D,$C42,'SW Sustain Tracking'!$E:$E,H$33) -> 0 | I42: =SUM(G42:H42) -> 0 | J42: =F42+I42 -> 0
C43: Oct | D43: =SUMIFS('SW Sustain Tracking'!$AJ:$AJ,'SW Sustain Tracking'!$D:$D,$C43,'SW Sustain Tracking'!$E:$E,D$33) -> 0 | E43: =SUMIFS('SW Sustain Tracking'!$AJ:$AJ,'SW Sustain Tracking'!$D:$D,$C43,'SW Sustain Tracking'!$E:$E,E$33) -> 0 | F43: =SUM(D43:E43) -> 0 | G43: =SUMIFS('SW Sustain Tracking'!$BB:$BB,'SW Sustain Tracking'!$D:$D,$C43,'SW Sustain Tracking'!$E:$E,G$33)+SUMIFS('SW Sustain Tracking'!$BS:$BS,'SW Sustain Tracking'!$D:$D,$C43,'SW Sustain Tracking'!$E:$E,G$33)+SUMIFS('SW Sustain Tracking'!$CJ:$CJ,'SW Sustain Tracking'!$D:$D,$C43,'SW Sustain Tracking'!$E:$E,G$33) -> 0 | H43: =SUMIFS('SW Sustain Tracking'!$BB:$BB,'SW Sustain Tracking'!$D:$D,$C43,'SW Sustain Tracking'!$E:$E,H$33)+SUMIFS('SW Sustain Tracking'!$BS:$BS,'SW Sustain Tracking'!$D:$D,$C43,'SW Sustain Tracking'!$E:$E,H$33)+SUMIFS('SW Sustain Tracking'!$CJ:$CJ,'SW Sustain Tracking'!$D:$D,$C43,'SW Sustain Tracking'!$E:$E,H$33) -> 0 | I43: =SUM(G43:H43) -> 0 | J43: =F43+I43 -> 0
C44: Nov | D44: =SUMIFS('SW Sustain Tracking'!$AJ:$AJ,'SW Sustain Tracking'!$D:$D,$C44,'SW Sustain Tracking'!$E:$E,D$33) -> 0 | E44: =SUMIFS('SW Sustain Tracking'!$AJ:$AJ,'SW Sustain Tracking'!$D:$D,$C44,'SW Sustain Tracking'!$E:$E,E$33) -> 0 | F44: =SUM(D44:E44) -> 0 | G44: =SUMIFS('SW Sustain Tracking'!$BB:$BB,'SW Sustain Tracking'!$D:$D,$C44,'SW Sustain Tracking'!$E:$E,G$33)+SUMIFS('SW Sustain Tracking'!$BS:$BS,'SW Sustain Tracking'!$D:$D,$C44,'SW Sustain Tracking'!$E:$E,G$33)+SUMIFS('SW Sustain Tracking'!$CJ:$CJ,'SW Sustain Tracking'!$D:$D,$C44,'SW Sustain Tracking'!$E:$E,G$33) -> 0 | H44: =SUMIFS('SW Sustain Tracking'!$BB:$BB,'SW Sustain Tracking'!$D:$D,$C44,'SW Sustain Tracking'!$E:$E,H$33)+SUMIFS('SW Sustain Tracking'!$BS:$BS,'SW Sustain Tracking'!$D:$D,$C44,'SW Sustain Tracking'!$E:$E,H$33)+SUMIFS('SW Sustain Tracking'!$CJ:$CJ,'SW Sustain Tracking'!$D:$D,$C44,'SW Sustain Tracking'!$E:$E,H$33) -> 0 | I44: =SUM(G44:H44) -> 0 | J44: =F44+I44 -> 0
C45: Dec | D45: =SUMIFS('SW Sustain Tracking'!$AJ:$AJ,'SW Sustain Tracking'!$D:$D,$C45,'SW Sustain Tracking'!$E:$E,D$33) -> 0 | E45: =SUMIFS('SW Sustain Tracking'!$AJ:$AJ,'SW Sustain Tracking'!$D:$D,$C45,'SW Sustain Tracking'!$E:$E,E$33) -> 0 | F45: =SUM(D45:E45) -> 0 | G45: =SUMIFS('SW Sustain Tracking'!$BB:$BB,'SW Sustain Tracking'!$D:$D,$C45,'SW Sustain Tracking'!$E:$E,G$33)+SUMIFS('SW Sustain Tracking'!$BS:$BS,'SW Sustain Tracking'!$D:$D,$C45,'SW Sustain Tracking'!$E:$E,G$33)+SUMIFS('SW Sustain Tracking'!$CJ:$CJ,'SW Sustain Tracking'!$D:$D,$C45,'SW Sustain Tracking'!$E:$E,G$33) -> 0 | H45: =SUMIFS('SW Sustain Tracking'!$BB:$BB,'SW Sustain Tracking'!$D:$D,$C45,'SW Sustain Tracking'!$E:$E,H$33)+SUMIFS('SW Sustain Tracking'!$BS:$BS,'SW Sustain Tracking'!$D:$D,$C45,'SW Sustain Tracking'!$E:$E,H$33)+SUMIFS('SW Sustain Tracking'!$CJ:$CJ,'SW Sustain Tracking'!$D:$D,$C45,'SW Sustain Tracking'!$E:$E,H$33) -> 0 | I45: =SUM(G45:H45) -> 0 | J45: =F45+I45 -> 0
C46: Total | D46: =SUM(D34:D45) -> 66.226054 | E46: =SUM(E34:E45) -> 26.294116 | F46: =SUM(F34:F45) -> 92.52017 | G46: =SUM(G34:G45) -> #DIV/0! | H46: =SUM(H34:H45) -> 3.3071429 | I46: =SUM(I34:I45) -> #DIV/0! | J46: =F46+I46 -> #DIV/0!
C48: SW SW Sustain Distributed By Project
C49: C38 NB SW Sustain Distributed By Project
C50: Project | D50: Pass | E50: Fail | F50: Ongoing | G50: Planning | H50: Total
C51: {=_xlfn.UNIQUE(_xlfn._xlws.FILTER('SW Sustain Tracking'!G:G,'SW Sustain Tracking'!E:E="C38 NB"))} -> #NAME? | D51: =COUNTIFS('SW Sustain Tracking'!W:W,"PASS",'SW Sustain Tracking'!G:G,$C51)+COUNTIFS('SW Sustain Tracking'!W:W,"Conditional Pass",'SW Sustain Tracking'!G:G,$C51) -> 0 | E51: =COUNTIFS('SW Sustain Tracking'!W:W,"Fail",'SW Sustain Tracking'!G:G,$C51) -> 0 | F51: =COUNTIFS('SW Sustain Tracking'!W:W,"Testing",'SW Sustain Tracking'!G:G,$C51)+COUNTIFS('SW Sustain Tracking'!W:W,"Pending",'SW Sustain Tracking'!G:G,$C51) -> 0 | G51: =COUNTIFS('SW Sustain Tracking'!W:W,"Planning",'SW Sustain Tracking'!G:G,$C51) -> 0 | H51: =SUM(D51:G51) -> 0
C52: #NAME? | D52: =COUNTIFS('SW Sustain Tracking'!W:W,"PASS",'SW Sustain Tracking'!G:G,$C52)+COUNTIFS('SW Sustain Tracking'!W:W,"Conditional Pass",'SW Sustain Tracking'!G:G,$C52) -> 0 | E52: =COUNTIFS('SW Sustain Tracking'!W:W,"Fail",'SW Sustain Tracking'!G:G,$C52) -> 0 | F52: =COUNTIFS('SW Sustain Tracking'!W:W,"Testing",'SW Sustain Tracking'!G:G,$C52)+COUNTIFS('SW Sustain Tracking'!W:W,"Pending",'SW Sustain Tracking'!G:G,$C52) -> 0 | G52: =COUNTIFS('SW Sustain Tracking'!W:W,"Planning",'SW Sustain Tracking'!G:G,$C52) -> 0 | H52: =SUM(D52:G52) -> 0
C53: #NAME? | D53: =COUNTIFS('SW Sustain Tracking'!W:W,"PASS",'SW Sustain Tracking'!G:G,$C53)+COUNTIFS('SW Sustain Tracking'!W:W,"Conditional Pass",'SW Sustain Tracking'!G:G,$C53) -> 0 | E53: =COUNTIFS('SW Sustain Tracking'!W:W,"Fail",'SW Sustain Tracking'!G:G,$C53) -> 0 | F53: =COUNTIFS('SW Sustain Tracking'!W:W,"Testing",'SW Sustain Tracking'!G:G,$C53)+COUNTIFS('SW Sustain Tracking'!W:W,"Pending",'SW Sustain Tracking'!G:G,$C53) -> 0 | G53: =COUNTIFS('SW Sustain Tracking'!W:W,"Planning",'SW Sustain Tracking'!G:G,$C53) -> 0 | H53: =SUM(D53:G53) -> 0
C54: #NAME? | D54: =COUNTIFS('SW Sustain Tracking'!W:W,"PASS",'SW Sustain Tracking'!G:G,$C54)+COUNTIFS('SW Sustain Tracking'!W:W,"Conditional Pass",'SW Sustain Tracking'!G:G,$C54) -> 0 | E54: =COUNTIFS('SW Sustain Tracking'!W:W,"Fail",'SW Sustain Tracking'!G:G,$C54) -> 0 | F54: =COUNTIFS('SW Sustain Tracking'!W:W,"Testing",'SW Sustain Tracking'!G:G,$C54)+COUNTIFS('SW Sustain Tracking'!W:W,"Pending",'SW Sustain Tracking'!G:G,$C54) -> 0 | G54: =COUNTIFS('SW Sustain Tracking'!W:W,"Planning",'SW Sustain Tracking'!G:G,$C54) -> 0 | H54: =SUM(D54:G54) -> 0
C55: #NAME? | D55: =COUNTIFS('SW Sustain Tracking'!W:W,"PASS",'SW Sustain Tracking'!G:G,$C55)+COUNTIFS('SW Sustain Tracking'!W:W,"Conditional Pass",'SW Sustain Tracking'!G:G,$C55) -> 0 | E55: =COUNTIFS('SW Sustain Tracking'!W:W,"Fail",'SW Sustain Tracking'!G:G,$C55) -> 0 | F55: =COUNTIFS('SW Sustain Tracking'!W:W,"Testing",'SW Sustain Tracking'!G:G,$C55)+COUNTIFS('SW Sustain Tracking'!W:W,"Pending",'SW Sustain Tracking'!G:G,$C55) -> 0 | G55: =COUNTIFS('SW Sustain Tracking'!W:W,"Planning",'SW Sustain Tracking'!G:G,$C55) -> 0 | H55: =SUM(D55:G55) -> 0
C56: #NAME? | D56: =COUNTIFS('SW Sustain Tracking'!W:W,"PASS",'SW Sustain Tracking'!G:G,$C56)+COUNTIFS('SW Sustain Tracking'!W:W,"Conditional Pass",'SW Sustain Tracking'!G:G,$C56) -> 0 | E56: =COUNTIFS('SW Sustain Tracking'!W:W,"Fail",'SW Sustain Tracking'!G:G,$C56) -> 0 | F56: =COUNTIFS('SW Sustain Tracking'!W:W,"Testing",'SW Sustain Tracking'!G:G,$C56)+COUNTIFS('SW Sustain Tracking'!W:W,"Pending",'SW Sustain Tracking'!G:G,$C56) -> 0 | G56: =COUNTIFS('SW Sustain Tracking'!W:W,"Planning",'SW Sustain Tracking'!G:G,$C56) -> 0 | H56: =SUM(D56:G56) -> 0
C57: #NAME? | D57: =COUNTIFS('SW Sustain Tracking'!W:W,"PASS",'SW Sustain Tracking'!G:G,$C57)+COUNTIFS('SW Sustain Tracking'!W:W,"Conditional Pass",'SW Sustain Tracking'!G:G,$C57) -> 0 | E57: =COUNTIFS('SW Sustain Tracking'!W:W,"Fail",'SW Sustain Tracking'!G:G,$C57) -> 0 | F57: =COUNTIFS('SW Sustain Tracking'!W:W,"Testing",'SW Sustain Tracking'!G:G,$C57)+COUNTIFS('SW Sustain Tracking'!W:W,"Pending",'SW Sustain Tracking'!G:G,$C57) -> 0 | G57: =COUNTIFS('SW Sustain Tracking'!W:W,"Planning",'SW Sustain Tracking'!G:G,$C57) -> 0 | H57: =SUM(D57:G57) -> 0
C58: #NAME? | D58: =COUNTIFS('SW Sustain Tracking'!W:W,"PASS",'SW Sustain Tracking'!G:G,$C58)+COUNTIFS('SW Sustain Tracking'!W:W,"Conditional Pass",'SW Sustain Tracking'!G:G,$C58) -> 0 | E58: =COUNTIFS('SW Sustain Tracking'!W:W,"Fail",'SW Sustain Tracking'!G:G,$C58) -> 0 | F58: =COUNTIFS('SW Sustain Tracking'!W:W,"Testing",'SW Sustain Tracking'!G:G,$C58)+COUNTIFS('SW Sustain Tracking'!W:W,"Pending",'SW Sustain Tracking'!G:G,$C58) -> 0 | G58: =COUNTIFS('SW Sustain Tracking'!W:W,"Planning",'SW Sustain Tracking'!G:G,$C58) -> 0 | H58: =SUM(D58:G58) -> 0
C59: #NAME? | D59: =COUNTIFS('SW Sustain Tracking'!W:W,"PASS",'SW Sustain Tracking'!G:G,$C59)+COUNTIFS('SW Sustain Tracking'!W:W,"Conditional Pass",'SW Sustain Tracking'!G:G,$C59) -> 0 | E59: =COUNTIFS('SW Sustain Tracking'!W:W,"Fail",'SW Sustain Tracking'!G:G,$C59) -> 0 | F59: =COUNTIFS('SW Sustain Tracking'!W:W,"Testing",'SW Sustain Tracking'!G:G,$C59)+COUNTIFS('SW Sustain Tracking'!W:W,"Pending",'SW Sustain Tracking'!G:G,$C59) -> 0 | G59: =COUNTIFS('SW Sustain Tracking'!W:W,"Planning",'SW Sustain Tracking'!G:G,$C59) -> 0 | H59: =SUM(D59:G59) -> 0
C60: #NAME? | D60: =COUNTIFS('SW Sustain Tracking'!W:W,"PASS",'SW Sustain Tracking'!G:G,$C60)+COUNTIFS('SW Sustain Tracking'!W:W,"Conditional Pass",'SW Sustain Tracking'!G:G,$C60) -> 0 | E60: =COUNTIFS('SW Sustain Tracking'!W:W,"Fail",'SW Sustain Tracking'!G:G,$C60) -> 0 | F60: =COUNTIFS('SW Sustain Tracking'!W:W,"Testing",'SW Sustain Tracking'!G:G,$C60)+COUNTIFS('SW Sustain Tracking'!W:W,"Pending",'SW Sustain Tracking'!G:G,$C60) -> 0 | G60: =COUNTIFS('SW Sustain Tracking'!W:W,"Planning",'SW Sustain Tracking'!G:G,$C60) -> 0 | H60: =SUM(D60:G60) -> 0
C61: #NAME? | D61: =COUNTIFS('SW Sustain Tracking'!W:W,"PASS",'SW Sustain Tracking'!G:G,$C61)+COUNTIFS('SW Sustain Tracking'!W:W,"Conditional Pass",'SW Sustain Tracking'!G:G,$C61) -> 0 | E61: =COUNTIFS('SW Sustain Tracking'!W:W,"Fail",'SW Sustain Tracking'!G:G,$C61) -> 0 | F61: =COUNTIFS('SW Sustain Tracking'!W:W,"Testing",'SW Sustain Tracking'!G:G,$C61)+COUNTIFS('SW Sustain Tracking'!W:W,"Pending",'SW Sustain Tracking'!G:G,$C61) -> 0 | G61: =COUNTIFS('SW Sustain Tracking'!W:W,"Planning",'SW Sustain Tracking'!G:G,$C61) -> 0 | H61: =SUM(D61:G61) -> 0
C62: #NAME? | D62: =COUNTIFS('SW Sustain Tracking'!W:W,"PASS",'SW Sustain Tracking'!G:G,$C62)+COUNTIFS('SW Sustain Tracking'!W:W,"Conditional Pass",'SW Sustain Tracking'!G:G,$C62) -> 0 | E62: =COUNTIFS('SW Sustain Tracking'!W:W,"Fail",'SW Sustain Tracking'!G:G,$C62) -> 0 | F62: =COUNTIFS('SW Sustain Tracking'!W:W,"Testing",'SW Sustain Tracking'!G:G,$C62)+COUNTIFS('SW Sustain Tracking'!W:W,"Pending",'SW Sustain Tracking'!G:G,$C62) -> 0 | G62: =COUNTIFS('SW Sustain Tracking'!W:W,"Planning",'SW Sustain Tracking'!G:G,$C62) -> 0 | H62: =SUM(D62:G62) -> 0
C63: #NAME? | D63: =COUNTIFS('SW Sustain Tracking'!W:W,"PASS",'SW Sustain Tracking'!G:G,$C63)+COUNTIFS('SW Sustain Tracking'!W:W,"Conditional Pass",'SW Sustain Tracking'!G:G,$C63) -> 0 | E63: =COUNTIFS('SW Sustain Tracking'!W:W,"Fail",'SW Sustain Tracking'!G:G,$C63) -> 0 | F63: =COUNTIFS('SW Sustain Tracking'!W:W,"Testing",'SW Sustain Tracking'!G:G,$C63)+COUNTIFS('SW Sustain Tracking'!W:W,"Pending",'SW Sustain Tracking'!G:G,$C63) -> 0 | G63: =COUNTIFS('SW Sustain Tracking'!W:W,"Planning",'SW Sustain Tracking'!G:G,$C63) -> 0 | H63: =SUM(D63:G63) -> 0
... C73: #NAME? | D73: =COUNTIFS('SW Sustain Tracking'!W:W,"PASS",'SW Sustain Tracking'!G:G,$C73)+COUNTIFS('SW Sustain Tracking'!W:W,"Conditional Pass",'SW Sustain Tracking'!G:G,$C73) -> 0 | E73: =COUNTIFS('SW Sustain Tracking'!W:W,"Fail",'SW Sustain Tracking'!G:G,$C73) -> 0 | F73: =COUNTIFS('SW Sustain Tracking'!W:W,"Testing",'SW Sustain Tracking'!G:G,$C73)+COUNTIFS('SW Sustain Tracking'!W:W,"Pending",'SW Sustain Tracking'!G:G,$C73) -> 0 | G73: =COUNTIFS('SW Sustain Tracking'!W:W,"Planning",'SW Sustain Tracking'!G:G,$C73) -> 0 | H73: =SUM(D73:G73) -> 0
D74: =COUNTIFS('SW Sustain Tracking'!W:W,"PASS",'SW Sustain Tracking'!G:G,$C74)+COUNTIFS('SW Sustain Tracking'!W:W,"Conditional Pass",'SW Sustain Tracking'!G:G,$C74) -> 0 | E74: =COUNTIFS('SW Sustain Tracking'!W:W,"Fail",'SW Sustain Tracking'!G:G,$C74) -> 0 | F74: =COUNTIFS('SW Sustain Tracking'!W:W,"Testing",'SW Sustain Tracking'!G:G,$C74)+COUNTIFS('SW Sustain Tracking'!W:W,"Pending",'SW Sustain Tracking'!G:G,$C74) -> 0 | G74: =COUNTIFS('SW Sustain Tracking'!W:W,"Planning",'SW Sustain Tracking'!G:G,$C74) -> 0 | H74: =SUM(D74:G74) -> 0
D75: =COUNTIFS('SW Sustain Tracking'!W:W,"PASS",'SW Sustain Tracking'!G:G,$C75)+COUNTIFS('SW Sustain Tracking'!W:W,"Conditional Pass",'SW Sustain Tracking'!G:G,$C75) -> 0 | E75: =COUNTIFS('SW Sustain Tracking'!W:W,"Fail",'SW Sustain Tracking'!G:G,$C75) -> 0 | F75: =COUNTIFS('SW Sustain Tracking'!W:W,"Testing",'SW Sustain Tracking'!G:G,$C75)+COUNTIFS('SW Sustain Tracking'!W:W,"Pending",'SW Sustain Tracking'!G:G,$C75) -> 0 | G75: =COUNTIFS('SW Sustain Tracking'!W:W,"Planning",'SW Sustain Tracking'!G:G,$C75) -> 0 | H75: =SUM(D75:G75) -> 0
D76: =COUNTIFS('SW Sustain Tracking'!W:W,"PASS",'SW Sustain Tracking'!G:G,$C76)+COUNTIFS('SW Sustain Tracking'!W:W,"Conditional Pass",'SW Sustain Tracking'!G:G,$C76) -> 0 | E76: =COUNTIFS('SW Sustain Tracking'!W:W,"Fail",'SW Sustain Tracking'!G:G,$C76) -> 0 | F76: =COUNTIFS('SW Sustain Tracking'!W:W,"Testing",'SW Sustain Tracking'!G:G,$C76)+COUNTIFS('SW Sustain Tracking'!W:W,"Pending",'SW Sustain Tracking'!G:G,$C76) -> 0 | G76: =COUNTIFS('SW Sustain Tracking'!W:W,"Planning",'SW Sustain Tracking'!G:G,$C76) -> 0 | H76: =SUM(D76:G76) -> 0
D77: =COUNTIFS('SW Sustain Tracking'!W:W,"PASS",'SW Sustain Tracking'!G:G,$C77)+COUNTIFS('SW Sustain Tracking'!W:W,"Conditional Pass",'SW Sustain Tracking'!G:G,$C77) -> 0 | E77: =COUNTIFS('SW Sustain Tracking'!W:W,"Fail",'SW Sustain Tracking'!G:G,$C77) -> 0 | F77: =COUNTIFS('SW Sustain Tracking'!W:W,"Testing",'SW Sustain Tracking'!G:G,$C77)+COUNTIFS('SW Sustain Tracking'!W:W,"Pending",'SW Sustain Tracking'!G:G,$C77) -> 0 | G77: =COUNTIFS('SW Sustain Tracking'!W:W,"Planning",'SW Sustain Tracking'!G:G,$C77) -> 0 | H77: =SUM(D77:G77) -> 0
D78: =COUNTIFS('SW Sustain Tracking'!W:W,"PASS",'SW Sustain Tracking'!G:G,$C78)+COUNTIFS('SW Sustain Tracking'!W:W,"Conditional Pass",'SW Sustain Tracking'!G:G,$C78) -> 0 | E78: =COUNTIFS('SW Sustain Tracking'!W:W,"Fail",'SW Sustain Tracking'!G:G,$C78) -> 0 | F78: =COUNTIFS('SW Sustain Tracking'!W:W,"Testing",'SW Sustain Tracking'!G:G,$C78)+COUNTIFS('SW Sustain Tracking'!W:W,"Pending",'SW Sustain Tracking'!G:G,$C78) -> 0 | G78: =COUNTIFS('SW Sustain Tracking'!W:W,"Planning",'SW Sustain Tracking'!G:G,$C78) -> 0 | H78: =SUM(D78:G78) -> 0
D79: =COUNTIFS('SW Sustain Tracking'!W:W,"PASS",'SW Sustain Tracking'!G:G,$C79)+COUNTIFS('SW Sustain Tracking'!W:W,"Conditional Pass",'SW Sustain Tracking'!G:G,$C79) -> 0 | E79: =COUNTIFS('SW Sustain Tracking'!W:W,"Fail",'SW Sustain Tracking'!G:G,$C79) -> 0 | F79: =COUNTIFS('SW Sustain Tracking'!W:W,"Testing",'SW Sustain Tracking'!G:G,$C79)+COUNTIFS('SW Sustain Tracking'!W:W,"Pending",'SW Sustain Tracking'!G:G,$C79) -> 0 | G79: =COUNTIFS('SW Sustain Tracking'!W:W,"Planning",'SW Sustain Tracking'!G:G,$C79) -> 0 | H79: =SUM(D79:G79) -> 0
D80: =COUNTIFS('SW Sustain Tracking'!W:W,"PASS",'SW Sustain Tracking'!G:G,$C80)+COUNTIFS('SW Sustain Tracking'!W:W,"Conditional Pass",'SW Sustain Tracking'!G:G,$C80) -> 0 | E80: =COUNTIFS('SW Sustain Tracking'!W:W,"Fail",'SW Sustain Tracking'!G:G,$C80) -> 0 | F80: =COUNTIFS('SW Sustain Tracking'!W:W,"Testing",'SW Sustain Tracking'!G:G,$C80)+COUNTIFS('SW Sustain Tracking'!W:W,"Pending",'SW Sustain Tracking'!G:G,$C80) -> 0 | G80: =COUNTIFS('SW Sustain Tracking'!W:W,"Planning",'SW Sustain Tracking'!G:G,$C80) -> 0 | H80: =SUM(D80:G80) -> 0
D81: =COUNTIFS('SW Sustain Tracking'!W:W,"PASS",'SW Sustain Tracking'!G:G,$C81)+COUNTIFS('SW Sustain Tracking'!W:W,"Conditional Pass",'SW Sustain Tracking'!G:G,$C81) -> 0 | E81: =COUNTIFS('SW Sustain Tracking'!W:W,"Fail",'SW Sustain Tracking'!G:G,$C81) -> 0 | F81: =COUNTIFS('SW Sustain Tracking'!W:W,"Testing",'SW Sustain Tracking'!G:G,$C81)+COUNTIFS('SW Sustain Tracking'!W:W,"Pending",'SW Sustain Tracking'!G:G,$C81) -> 0 | G81: =COUNTIFS('SW Sustain Tracking'!W:W,"Planning",'SW Sustain Tracking'!G:G,$C81) -> 0 | H81: =SUM(D81:G81) -> 0
C82: Total | D82: =SUM(D51:D81) -> 0 | E82: =SUM(E51:E81) -> 0 | F82: =SUM(F51:F81) -> 0 | G82: =SUM(G51:G81) -> 0 | H82: =SUM(H51:H81) -> 0
C84: C38 AIO SW Sustain Distributed By Project
C85: Project | D85: Pass | E85: Fail | F85: Ongoing | G85: Planning | H85: Total
C86: {=_xlfn.UNIQUE(_xlfn._xlws.FILTER('SW Sustain Tracking'!G:G,'SW Sustain Tracking'!E:E="C38 AIO"))} -> #NAME? | D86: =COUNTIFS('SW Sustain Tracking'!W:W,"PASS",'SW Sustain Tracking'!G:G,$C86)+COUNTIFS('SW Sustain Tracking'!W:W,"Conditional Pass",'SW Sustain Tracking'!G:G,$C86) -> 0 | E86: =COUNTIFS('SW Sustain Tracking'!W:W,"Fail",'SW Sustain Tracking'!G:G,$C86) -> 0 | F86: =COUNTIFS('SW Sustain Tracking'!W:W,"Testing",'SW Sustain Tracking'!G:G,$C86)+COUNTIFS('SW Sustain Tracking'!W:W,"Pending",'SW Sustain Tracking'!G:G,$C86) -> 0 | G86: =COUNTIFS('SW Sustain Tracking'!W:W,"Planning",'SW Sustain Tracking'!G:G,$C86) -> 0 | H86: =SUM(D86:G86) -> 0
C87: #NAME? | D87: =COUNTIFS('SW Sustain Tracking'!W:W,"PASS",'SW Sustain Tracking'!G:G,$C87)+COUNTIFS('SW Sustain Tracking'!W:W,"Conditional Pass",'SW Sustain Tracking'!G:G,$C87) -> 0 | E87: =COUNTIFS('SW Sustain Tracking'!W:W,"Fail",'SW Sustain Tracking'!G:G,$C87) -> 0 | F87: =COUNTIFS('SW Sustain Tracking'!W:W,"Testing",'SW Sustain Tracking'!G:G,$C87)+COUNTIFS('SW Sustain Tracking'!W:W,"Pending",'SW Sustain Tracking'!G:G,$C87) -> 0 | G87: =COUNTIFS('SW Sustain Tracking'!W:W,"Planning",'SW Sustain Tracking'!G:G,$C87) -> 0 | H87: =SUM(D87:G87) -> 0
C88: #NAME? | D88: =COUNTIFS('SW Sustain Tracking'!W:W,"PASS",'SW Sustain Tracking'!G:G,$C88)+COUNTIFS('SW Sustain Tracking'!W:W,"Conditional Pass",'SW Sustain Tracking'!G:G,$C88) -> 0 | E88: =COUNTIFS('SW Sustain Tracking'!W:W,"Fail",'SW Sustain Tracking'!G:G,$C88) -> 0 | F88: =COUNTIFS('SW Sustain Tracking'!W:W,"Testing",'SW Sustain Tracking'!G:G,$C88)+COUNTIFS('SW Sustain Tracking'!W:W,"Pending",'SW Sustain Tracking'!G:G,$C88) -> 0 | G88: =COUNTIFS('SW Sustain Tracking'!W:W,"Planning",'SW Sustain Tracking'!G:G,$C88) -> 0 | H88: =SUM(D88:G88) -> 0
C89: #NAME? | D89: =COUNTIFS('SW Sustain Tracking'!W:W,"PASS",'SW Sustain Tracking'!G:G,$C89)+COUNTIFS('SW Sustain Tracking'!W:W,"Conditional Pass",'SW Sustain Tracking'!G:G,$C89) -> 0 | E89: =COUNTIFS('SW Sustain Tracking'!W:W,"Fail",'SW Sustain Tracking'!G:G,$C89) -> 0 | F89: =COUNTIFS('SW Sustain Tracking'!W:W,"Testing",'SW Sustain Tracking'!G:G,$C89)+COUNTIFS('SW Sustain Tracking'!W:W,"Pending",'SW Sustain Tracking'!G:G,$C89) -> 0 | G89: =COUNTIFS('SW Sustain Tracking'!W:W,"Planning",'SW Sustain Tracking'!G:G,$C89) -> 0 | H89: =SUM(D89:G89) -> 0
C90: #NAME? | D90: =COUNTIFS('SW Sustain Tracking'!W:W,"PASS",'SW Sustain Tracking'!G:G,$C90)+COUNTIFS('SW Sustain Tracking'!W:W,"Conditional Pass",'SW Sustain Tracking'!G:G,$C90) -> 0 | E90: =COUNTIFS('SW Sustain Tracking'!W:W,"Fail",'SW Sustain Tracking'!G:G,$C90) -> 0 | F90: =COUNTIFS('SW Sustain Tracking'!W:W,"Testing",'SW Sustain Tracking'!G:G,$C90)+COUNTIFS('SW Sustain Tracking'!W:W,"Pending",'SW Sustain Tracking'!G:G,$C90) -> 0 | G90: =COUNTIFS('SW Sustain Tracking'!W:W,"Planning",'SW Sustain Tracking'!G:G,$C90) -> 0 | H90: =SUM(D90:G90) -> 0
C91: #NAME? | D91: =COUNTIFS('SW Sustain Tracking'!W:W,"PASS",'SW Sustain Tracking'!G:G,$C91)+COUNTIFS('SW Sustain Tracking'!W:W,"Conditional Pass",'SW Sustain Tracking'!G:G,$C91) -> 0 | E91: =COUNTIFS('SW Sustain Tracking'!W:W,"Fail",'SW Sustain Tracking'!G:G,$C91) -> 0 | F91: =COUNTIFS('SW Sustain Tracking'!W:W,"Testing",'SW Sustain Tracking'!G:G,$C91)+COUNTIFS('SW Sustain Tracking'!W:W,"Pending",'SW Sustain Tracking'!G:G,$C91) -> 0 | G91: =COUNTIFS('SW Sustain Tracking'!W:W,"Planning",'SW Sustain Tracking'!G:G,$C91) -> 0 | H91: =SUM(D91:G91) -> 0
C92: #NAME? | D92: =COUNTIFS('SW Sustain Tracking'!W:W,"PASS",'SW Sustain Tracking'!G:G,$C92)+COUNTIFS('SW Sustain Tracking'!W:W,"Conditional Pass",'SW Sustain Tracking'!G:G,$C92) -> 0 | E92: =COUNTIFS('SW Sustain Tracking'!W:W,"Fail",'SW Sustain Tracking'!G:G,$C92) -> 0 | F92: =COUNTIFS('SW Sustain Tracking'!W:W,"Testing",'SW Sustain Tracking'!G:G,$C92)+COUNTIFS('SW Sustain Tracking'!W:W,"Pending",'SW Sustain Tracking'!G:G,$C92) -> 0 | G92: =COUNTIFS('SW Sustain Tracking'!W:W,"Planning",'SW Sustain Tracking'!G:G,$C92) -> 0 | H92: =SUM(D92:G92) -> 0
C93: #NAME? | D93: =COUNTIFS('SW Sustain Tracking'!W:W,"PASS",'SW Sustain Tracking'!G:G,$C93)+COUNTIFS('SW Sustain Tracking'!W:W,"Conditional Pass",'SW Sustain Tracking'!G:G,$C93) -> 0 | E93: =COUNTIFS('SW Sustain Tracking'!W:W,"Fail",'SW Sustain Tracking'!G:G,$C93) -> 0 | F93: =COUNTIFS('SW Sustain Tracking'!W:W,"Testing",'SW Sustain Tracking'!G:G,$C93)+COUNTIFS('SW Sustain Tracking'!W:W,"Pending",'SW Sustain Tracking'!G:G,$C93) -> 0 | G93: =COUNTIFS('SW Sustain Tracking'!W:W,"Planning",'SW Sustain Tracking'!G:G,$C93) -> 0 | H93: =SUM(D93:G93) -> 0
C94: #NAME? | D94: =COUNTIFS('SW Sustain Tracking'!W:W,"PASS",'SW Sustain Tracking'!G:G,$C94)+COUNTIFS('SW Sustain Tracking'!W:W,"Conditional Pass",'SW Sustain Tracking'!G:G,$C94) -> 0 | E94: =COUNTIFS('SW Sustain Tracking'!W:W,"Fail",'SW Sustain Tracking'!G:G,$C94) -> 0 | F94: =COUNTIFS('SW Sustain Tracking'!W:W,"Testing",'SW Sustain Tracking'!G:G,$C94)+COUNTIFS('SW Sustain Tracking'!W:W,"Pending",'SW Sustain Tracking'!G:G,$C94) -> 0 | G94: =COUNTIFS('SW Sustain Tracking'!W:W,"Planning",'SW Sustain Tracking'!G:G,$C94) -> 0 | H94: =SUM(D94:G94) -> 0
C95: #NAME? | D95: =COUNTIFS('SW Sustain Tracking'!W:W,"PASS",'SW Sustain Tracking'!G:G,$C95)+COUNTIFS('SW Sustain Tracking'!W:W,"Conditional Pass",'SW Sustain Tracking'!G:G,$C95) -> 0 | E95: =COUNTIFS('SW Sustain Tracking'!W:W,"Fail",'SW Sustain Tracking'!G:G,$C95) -> 0 | F95: =COUNTIFS('SW Sustain Tracking'!W:W,"Testing",'SW Sustain Tracking'!G:G,$C95)+COUNTIFS('SW Sustain Tracking'!W:W,"Pending",'SW Sustain Tracking'!G:G,$C95) -> 0 | G95: =COUNTIFS('SW Sustain Tracking'!W:W,"Planning",'SW Sustain Tracking'!G:G,$C95) -> 0 | H95: =SUM(D95:G95) -> 0
C96: #NAME? | D96: =COUNTIFS('SW Sustain Tracking'!W:W,"PASS",'SW Sustain Tracking'!G:G,$C96)+COUNTIFS('SW Sustain Tracking'!W:W,"Conditional Pass",'SW Sustain Tracking'!G:G,$C96) -> 0 | E96: =COUNTIFS('SW Sustain Tracking'!W:W,"Fail",'SW Sustain Tracking'!G:G,$C96) -> 0 | F96: =COUNTIFS('SW Sustain Tracking'!W:W,"Testing",'SW Sustain Tracking'!G:G,$C96)+COUNTIFS('SW Sustain Tracking'!W:W,"Pending",'SW Sustain Tracking'!G:G,$C96) -> 0 | G96: =COUNTIFS('SW Sustain Tracking'!W:W,"Planning",'SW Sustain Tracking'!G:G,$C96) -> 0 | H96: =SUM(D96:G96) -> 0
D97: =COUNTIFS('SW Sustain Tracking'!W:W,"PASS",'SW Sustain Tracking'!G:G,$C97)+COUNTIFS('SW Sustain Tracking'!W:W,"Conditional Pass",'SW Sustain Tracking'!G:G,$C97) -> 0 | E97: =COUNTIFS('SW Sustain Tracking'!W:W,"Fail",'SW Sustain Tracking'!G:G,$C97) -> 0 | F97: =COUNTIFS('SW Sustain Tracking'!W:W,"Testing",'SW Sustain Tracking'!G:G,$C97)+COUNTIFS('SW Sustain Tracking'!W:W,"Pending",'SW Sustain Tracking'!G:G,$C97) -> 0 | G97: =COUNTIFS('SW Sustain Tracking'!W:W,"Planning",'SW Sustain Tracking'!G:G,$C97) -> 0 | H97: =SUM(D97:G97) -> 0
D98: =COUNTIFS('SW Sustain Tracking'!W:W,"PASS",'SW Sustain Tracking'!G:G,$C98)+COUNTIFS('SW Sustain Tracking'!W:W,"Conditional Pass",'SW Sustain Tracking'!G:G,$C98) -> 0 | E98: =COUNTIFS('SW Sustain Tracking'!W:W,"Fail",'SW Sustain Tracking'!G:G,$C98) -> 0 | F98: =COUNTIFS('SW Sustain Tracking'!W:W,"Testing",'SW Sustain Tracking'!G:G,$C98)+COUNTIFS('SW Sustain Tracking'!W:W,"Pending",'SW Sustain Tracking'!G:G,$C98) -> 0 | G98: =COUNTIFS('SW Sustain Tracking'!W:W,"Planning",'SW Sustain Tracking'!G:G,$C98) -> 0 | H98: =SUM(D98:G98) -> 0
D99: =COUNTIFS('SW Sustain Tracking'!W:W,"PASS",'SW Sustain Tracking'!G:G,$C99)+COUNTIFS('SW Sustain Tracking'!W:W,"Conditional Pass",'SW Sustain Tracking'!G:G,$C99) -> 0 | E99: =COUNTIFS('SW Sustain Tracking'!W:W,"Fail",'SW Sustain Tracking'!G:G,$C99) -> 0 | F99: =COUNTIFS('SW Sustain Tracking'!W:W,"Testing",'SW Sustain Tracking'!G:G,$C99)+COUNTIFS('SW Sustain Tracking'!W:W,"Pending",'SW Sustain Tracking'!G:G,$C99) -> 0 | G99: =COUNTIFS('SW Sustain Tracking'!W:W,"Planning",'SW Sustain Tracking'!G:G,$C99) -> 0 | H99: =SUM(D99:G99) -> 0
D100: =COUNTIFS('SW Sustain Tracking'!W:W,"PASS",'SW Sustain Tracking'!G:G,$C100)+COUNTIFS('SW Sustain Tracking'!W:W,"Conditional Pass",'SW Sustain Tracking'!G:G,$C100) -> 0 | E100: =COUNTIFS('SW Sustain Tracking'!W:W,"Fail",'SW Sustain Tracking'!G:G,$C100) -> 0 | F100: =COUNTIFS('SW Sustain Tracking'!W:W,"Testing",'SW Sustain Tracking'!G:G,$C100)+COUNTIFS('SW Sustain Tracking'!W:W,"Pending",'SW Sustain Tracking'!G:G,$C100) -> 0 | G100: =COUNTIFS('SW Sustain Tracking'!W:W,"Planning",'SW Sustain Tracking'!G:G,$C100) -> 0 | H100: =SUM(D100:G100) -> 0
D101: =COUNTIFS('SW Sustain Tracking'!W:W,"PASS",'SW Sustain Tracking'!G:G,$C101)+COUNTIFS('SW Sustain Tracking'!W:W,"Conditional Pass",'SW Sustain Tracking'!G:G,$C101) -> 0 | E101: =COUNTIFS('SW Sustain Tracking'!W:W,"Fail",'SW Sustain Tracking'!G:G,$C101) -> 0 | F101: =COUNTIFS('SW Sustain Tracking'!W:W,"Testing",'SW Sustain Tracking'!G:G,$C101)+COUNTIFS('SW Sustain Tracking'!W:W,"Pending",'SW Sustain Tracking'!G:G,$C101) -> 0 | G101: =COUNTIFS('SW Sustain Tracking'!W:W,"Planning",'SW Sustain Tracking'!G:G,$C101) -> 0 | H101: =SUM(D101:G101) -> 0
D102: =COUNTIFS('SW Sustain Tracking'!W:W,"PASS",'SW Sustain Tracking'!G:G,$C102)+COUNTIFS('SW Sustain Tracking'!W:W,"Conditional Pass",'SW Sustain Tracking'!G:G,$C102) -> 0 | E102: =COUNTIFS('SW Sustain Tracking'!W:W,"Fail",'SW Sustain Tracking'!G:G,$C102) -> 0 | F102: =COUNTIFS('SW Sustain Tracking'!W:W,"Testing",'SW Sustain Tracking'!G:G,$C102)+COUNTIFS('SW Sustain Tracking'!W:W,"Pending",'SW Sustain Tracking'!G:G,$C102) -> 0 | G102: =COUNTIFS('SW Sustain Tracking'!W:W,"Planning",'SW Sustain Tracking'!G:G,$C102) -> 0 | H102: =SUM(D102:G102) -> 0
C103: Total | D103: =SUM(D86:D102) -> 0 | E103: =SUM(E86:E102) -> 0 | F103: =SUM(F86:F102) -> 0 | G103: =SUM(G86:G102) -> 0 | H103: =SUM(H86:H102) -> 0
C105: SW SW Sustain Distributed By Category
C106: C38 NB SW Sustain Distributed By Category
C107: SW Sustain Category. | D107: Pass | E107: Fail | F107: Ongoing | G107: Planning | H107: Total
C108: {=_xlfn.UNIQUE(_xlfn._xlws.FILTER('SW Sustain Tracking'!AE:AE,'SW Sustain Tracking'!E:E="C38 NB"))} -> #NAME? | D108: =COUNTIFS('SW Sustain Tracking'!W:W,"PASS",'SW Sustain Tracking'!AE:AE,$C108,'SW Sustain Tracking'!E:E,"C38 NB")+COUNTIFS('SW Sustain Tracking'!W:W,"Conditional Pass",'SW Sustain Tracking'!AE:AE,$C108,'SW Sustain Tracking'!E:E,"C38 NB") -> 0 | E108: =COUNTIFS('SW Sustain Tracking'!W:W,"Fail",'SW Sustain Tracking'!AE:AE,$C108,'SW Sustain Tracking'!E:E,"C38 NB") -> 0 | F108: =COUNTIFS('SW Sustain Tracking'!W:W,"Testing",'SW Sustain Tracking'!AE:AE,$C108,'SW Sustain Tracking'!E:E,"C38 NB")+COUNTIFS('SW Sustain Tracking'!W:W,"Pending",'SW Sustain Tracking'!AE:AE,$C108,'SW Sustain Tracking'!E:E,"C38 NB") -> 0 | G108: =COUNTIFS('SW Sustain Tracking'!W:W,"Planning",'SW Sustain Tracking'!AE:AE,$C108,'SW Sustain Tracking'!E:E,"C38 NB") -> 0 | H108: =SUM(D108:G108) -> 0
C109: #NAME? | D109: =COUNTIFS('SW Sustain Tracking'!W:W,"PASS",'SW Sustain Tracking'!AE:AE,$C109,'SW Sustain Tracking'!E:E,"C38 NB")+COUNTIFS('SW Sustain Tracking'!W:W,"Conditional Pass",'SW Sustain Tracking'!AE:AE,$C109,'SW Sustain Tracking'!E:E,"C38 NB") -> 0 | E109: =COUNTIFS('SW Sustain Tracking'!W:W,"Fail",'SW Sustain Tracking'!AE:AE,$C109,'SW Sustain Tracking'!E:E,"C38 NB") -> 0 | F109: =COUNTIFS('SW Sustain Tracking'!W:W,"Testing",'SW Sustain Tracking'!AE:AE,$C109,'SW Sustain Tracking'!E:E,"C38 NB")+COUNTIFS('SW Sustain Tracking'!W:W,"Pending",'SW Sustain Tracking'!AE:AE,$C109,'SW Sustain Tracking'!E:E,"C38 NB") -> 0 | G109: =COUNTIFS('SW Sustain Tracking'!W:W,"Planning",'SW Sustain Tracking'!AE:AE,$C109,'SW Sustain Tracking'!E:E,"C38 NB") -> 0 | H109: =SUM(D109:G109) -> 0
C110: #NAME? | D110: =COUNTIFS('SW Sustain Tracking'!W:W,"PASS",'SW Sustain Tracking'!AE:AE,$C110,'SW Sustain Tracking'!E:E,"C38 NB")+COUNTIFS('SW Sustain Tracking'!W:W,"Conditional Pass",'SW Sustain Tracking'!AE:AE,$C110,'SW Sustain Tracking'!E:E,"C38 NB") -> 0 | E110: =COUNTIFS('SW Sustain Tracking'!W:W,"Fail",'SW Sustain Tracking'!AE:AE,$C110,'SW Sustain Tracking'!E:E,"C38 NB") -> 0 | F110: =COUNTIFS('SW Sustain Tracking'!W:W,"Testing",'SW Sustain Tracking'!AE:AE,$C110,'SW Sustain Tracking'!E:E,"C38 NB")+COUNTIFS('SW Sustain Tracking'!W:W,"Pending",'SW Sustain Tracking'!AE:AE,$C110,'SW Sustain Tracking'!E:E,"C38 NB") -> 0 | G110: =COUNTIFS('SW Sustain Tracking'!W:W,"Planning",'SW Sustain Tracking'!AE:AE,$C110,'SW Sustain Tracking'!E:E,"C38 NB") -> 0 | H110: =SUM(D110:G110) -> 0
C111: #NAME? | D111: =COUNTIFS('SW Sustain Tracking'!W:W,"PASS",'SW Sustain Tracking'!AE:AE,$C111,'SW Sustain Tracking'!E:E,"C38 NB")+COUNTIFS('SW Sustain Tracking'!W:W,"Conditional Pass",'SW Sustain Tracking'!AE:AE,$C111,'SW Sustain Tracking'!E:E,"C38 NB") -> 0 | E111: =COUNTIFS('SW Sustain Tracking'!W:W,"Fail",'SW Sustain Tracking'!AE:AE,$C111,'SW Sustain Tracking'!E:E,"C38 NB") -> 0 | F111: =COUNTIFS('SW Sustain Tracking'!W:W,"Testing",'SW Sustain Tracking'!AE:AE,$C111,'SW Sustain Tracking'!E:E,"C38 NB")+COUNTIFS('SW Sustain Tracking'!W:W,"Pending",'SW Sustain Tracking'!AE:AE,$C111,'SW Sustain Tracking'!E:E,"C38 NB") -> 0 | G111: =COUNTIFS('SW Sustain Tracking'!W:W,"Planning",'SW Sustain Tracking'!AE:AE,$C111,'SW Sustain Tracking'!E:E,"C38 NB") -> 0 | H111: =SUM(D111:G111) -> 0
C112: #NAME? | D112: =COUNTIFS('SW Sustain Tracking'!W:W,"PASS",'SW Sustain Tracking'!AE:AE,$C112,'SW Sustain Tracking'!E:E,"C38 NB")+COUNTIFS('SW Sustain Tracking'!W:W,"Conditional Pass",'SW Sustain Tracking'!AE:AE,$C112,'SW Sustain Tracking'!E:E,"C38 NB") -> 0 | E112: =COUNTIFS('SW Sustain Tracking'!W:W,"Fail",'SW Sustain Tracking'!AE:AE,$C112,'SW Sustain Tracking'!E:E,"C38 NB") -> 0 | F112: =COUNTIFS('SW Sustain Tracking'!W:W,"Testing",'SW Sustain Tracking'!AE:AE,$C112,'SW Sustain Tracking'!E:E,"C38 NB")+COUNTIFS('SW Sustain Tracking'!W:W,"Pending",'SW Sustain Tracking'!AE:AE,$C112,'SW Sustain Tracking'!E:E,"C38 NB") -> 0 | G112: =COUNTIFS('SW Sustain Tracking'!W:W,"Planning",'SW Sustain Tracking'!AE:AE,$C112,'SW Sustain Tracking'!E:E,"C38 NB") -> 0 | H112: =SUM(D112:G112) -> 0
C113: #NAME? | D113: =COUNTIFS('SW Sustain Tracking'!W:W,"PASS",'SW Sustain Tracking'!AE:AE,$C113,'SW Sustain Tracking'!E:E,"C38 NB")+COUNTIFS('SW Sustain Tracking'!W:W,"Conditional Pass",'SW Sustain Tracking'!AE:AE,$C113,'SW Sustain Tracking'!E:E,"C38 NB") -> 0 | E113: =COUNTIFS('SW Sustain Tracking'!W:W,"Fail",'SW Sustain Tracking'!AE:AE,$C113,'SW Sustain Tracking'!E:E,"C38 NB") -> 0 | F113: =COUNTIFS('SW Sustain Tracking'!W:W,"Testing",'SW Sustain Tracking'!AE:AE,$C113,'SW Sustain Tracking'!E:E,"C38 NB")+COUNTIFS('SW Sustain Tracking'!W:W,"Pending",'SW Sustain Tracking'!AE:AE,$C113,'SW Sustain Tracking'!E:E,"C38 NB") -> 0 | G113: =COUNTIFS('SW Sustain Tracking'!W:W,"Planning",'SW Sustain Tracking'!AE:AE,$C113,'SW Sustain Tracking'!E:E,"C38 NB") -> 0 | H113: =SUM(D113:G113) -> 0
C114: #NAME? | D114: =COUNTIFS('SW Sustain Tracking'!W:W,"PASS",'SW Sustain Tracking'!AE:AE,$C114,'SW Sustain Tracking'!E:E,"C38 NB")+COUNTIFS('SW Sustain Tracking'!W:W,"Conditional Pass",'SW Sustain Tracking'!AE:AE,$C114,'SW Sustain Tracking'!E:E,"C38 NB") -> 0 | E114: =COUNTIFS('SW Sustain Tracking'!W:W,"Fail",'SW Sustain Tracking'!AE:AE,$C114,'SW Sustain Tracking'!E:E,"C38 NB") -> 0 | F114: =COUNTIFS('SW Sustain Tracking'!W:W,"Testing",'SW Sustain Tracking'!AE:AE,$C114,'SW Sustain Tracking'!E:E,"C38 NB")+COUNTIFS('SW Sustain Tracking'!W:W,"Pending",'SW Sustain Tracking'!AE:AE,$C114,'SW Sustain Tracking'!E:E,"C38 NB") -> 0 | G114: =COUNTIFS('SW Sustain Tracking'!W:W,"Planning",'SW Sustain Tracking'!AE:AE,$C114,'SW Sustain Tracking'!E:E,"C38 NB") -> 0 | H114: =SUM(D114:G114) -> 0
C115: #NAME? | D115: =COUNTIFS('SW Sustain Tracking'!W:W,"PASS",'SW Sustain Tracking'!AE:AE,$C115,'SW Sustain Tracking'!E:E,"C38 NB")+COUNTIFS('SW Sustain Tracking'!W:W,"Conditional Pass",'SW Sustain Tracking'!AE:AE,$C115,'SW Sustain Tracking'!E:E,"C38 NB") -> 0 | E115: =COUNTIFS('SW Sustain Tracking'!W:W,"Fail",'SW Sustain Tracking'!AE:AE,$C115,'SW Sustain Tracking'!E:E,"C38 NB") -> 0 | F115: =COUNTIFS('SW Sustain Tracking'!W:W,"Testing",'SW Sustain Tracking'!AE:AE,$C115,'SW Sustain Tracking'!E:E,"C38 NB")+COUNTIFS('SW Sustain Tracking'!W:W,"Pending",'SW Sustain Tracking'!AE:AE,$C115,'SW Sustain Tracking'!E:E,"C38 NB") -> 0 | G115: =COUNTIFS('SW Sustain Tracking'!W:W,"Planning",'SW Sustain Tracking'!AE:AE,$C115,'SW Sustain Tracking'!E:E,"C38 NB") -> 0 | H115: =SUM(D115:G115) -> 0
C116: #NAME? | D116: =COUNTIFS('SW Sustain Tracking'!W:W,"PASS",'SW Sustain Tracking'!AE:AE,$C116,'SW Sustain Tracking'!E:E,"C38 NB")+COUNTIFS('SW Sustain Tracking'!W:W,"Conditional Pass",'SW Sustain Tracking'!AE:AE,$C116,'SW Sustain Tracking'!E:E,"C38 NB") -> 0 | E116: =COUNTIFS('SW Sustain Tracking'!W:W,"Fail",'SW Sustain Tracking'!AE:AE,$C116,'SW Sustain Tracking'!E:E,"C38 NB") -> 0 | F116: =COUNTIFS('SW Sustain Tracking'!W:W,"Testing",'SW Sustain Tracking'!AE:AE,$C116,'SW Sustain Tracking'!E:E,"C38 NB")+COUNTIFS('SW Sustain Tracking'!W:W,"Pending",'SW Sustain Tracking'!AE:AE,$C116,'SW Sustain Tracking'!E:E,"C38 NB") -> 0 | G116: =COUNTIFS('SW Sustain Tracking'!W:W,"Planning",'SW Sustain Tracking'!AE:AE,$C116,'SW Sustain Tracking'!E:E,"C38 NB") -> 0 | H116: =SUM(D116:G116) -> 0
...

Sheet Task List
B2: Task No | C2: PCR No. | D2: PCR Title | E2: Receive Date | F2: Impact DQA or not | G2: NRE | H2: Schedule Requirement | I2: Remark/Attachment (附上對應PCR mail和DQA NRE評估) | J2: Release source (Lenovo/SA/BIOS/PM…) | K2: Task release owner | L2: RD/PM Contact Window | M2: PPA
